original,augmented_name,count
Đại Học Quốc gia,"['Đại Học Quốc gia', 'dai hoc quoc gia', 'truong dai hoc quoc gia', 'daj hoc quoc gia', 'truong dh quoc gia', 'dh quoc gia']",6
Đại Học Kinh tế quốc dân,"['Đại Học Kinh tế quốc dân', 'dai hoc kinh te quoc dan', 'dh kinh te quoc dan', 'truong dh kinh te quoc dan', 'truong dai hoc kinh te quoc dan', 'daj hoc kinh te quoc dan']",6
Đại Học Ngoại thương,"['Đại Học Ngoại thương', 'dai hoc ngoai thuong', 'truong dh ngoai thuong', 'truong dai hoc ngoai thuong', 'dh ngoai thuong', 'daj hoc ngoai thuong']",6
Đại Học Thương mại,"['Đại Học Thương mại', 'dai hoc thuong mai', 'daj hoc thuong mai', 'truong dai hoc thuong mai', 'dh thuong mai', 'truong dh thuong mai']",6
Đại Học Khoa học Tự nhiên,"['Đại Học Khoa học Tự nhiên', 'dai hoc khoa hoc tu nhien', 'truong dh khoa hoc tu nhien', 'daj hoc khoa hoc tu nhien', 'truong dai hoc khoa hoc tu nhien', 'dh khoa hoc tu nhien']",6
Đại Học Khoa học Xã hội & Nhân văn,"['Đại Học Khoa học Xã hội & Nhân văn', 'dai hoc khoa hoc xa hoi nhan van', 'truong dh khoa hoc xa hoi nhan van', 'daj hoc khoa hoc xa hoi nhan van', 'dh khoa hoc xa hoi nhan van', 'truong dai hoc khoa hoc xa hoi nhan van']",6
Đại Học Điện lực,"['Đại Học Điện lực', 'dai hoc dien luc', 'truong dai hoc dien luc', 'dh dien luc', 'daj hoc dien luc', 'truong dh dien luc']",6
Đại Học Sư phạm,"['Đại Học Sư phạm', 'dai hoc su pham', 'dh su pham', 'daj hoc su pham', 'truong dai hoc su pham', 'truong dh su pham', 'dhsp']",7
Đại Học Hà Nội,"['Đại Học Hà Nội', 'dai hoc ha noi', 'daj hoc ha noi', 'truong dai hoc ha noi', 'truong dh ha noi', 'dh ha noi']",6
Đại Học Ngoại ngữ,"['Đại Học Ngoại ngữ', 'dai hoc ngoai ngu', 'daj hoc ngoai ngu', 'truong dai hoc ngoai ngu', 'dh ngoai ngu', 'truong dh ngoai ngu']",6
Đại Học Y Hà Nội,"['Đại Học Y Hà Nội', 'dai hoc y ha noi', 'truong dai hoc y ha noi', 'daj hoc y ha noi', 'truong dh y ha noi', 'dh y ha noi']",6
Đại Học Y tế Công cộng Hà Nội,"['Đại Học Y tế Công cộng Hà Nội', 'dai hoc y te cong cong ha noi', 'truong dai hoc y te cong cong ha noi', 'dh y te cong cong ha noi', 'truong dh y te cong cong ha noi', 'daj hoc y te cong cong ha noi']",6
Đại Học Bách khoa Hà Nội,"['Đại Học Bách khoa Hà Nội', 'dai hoc bach khoa ha noi', 'daj hoc bach khoa ha noi', 'dhbkhn', 'truong dh bach khoa ha noi', 'dai hoc bk ha noi', 'truong dai hoc bach khoa ha noi', 'dh bach khoa ha noi']",8
Đại Học Xây Dựng Hà Nội,"['Đại Học Xây Dựng Hà Nội', 'dai hoc xay dung ha noi', 'daj hoc xay dung ha noi', 'truong dai hoc xay dung ha noi', 'dh xay dung ha noi', 'truong dh xay dung ha noi']",6
Đại Học Xây Dựng Hà Nội ,"['Đại Học Xây Dựng Hà Nội ', 'dai hoc xay dung ha noi', 'truong dai hoc xay dung ha noi', 'daj hoc xay dung ha noi', 'truong dh xay dung ha noi', 'dh xay dung ha noi']",6
Đại Học Công nghệ,"['Đại Học Công nghệ', 'dai hoc cong nghe', 'dh cong nghe', 'truong dai hoc cong nghe', 'truong dh cong nghe', 'daj hoc cong nghe']",6
Đại Học Kiến trúc Hà Nội,"['Đại Học Kiến trúc Hà Nội', 'dai hoc kien truc ha noi', 'dh kien truc ha noi', 'daj hoc kien truc ha noi', 'truong dh kien truc ha noi', 'truong dai hoc kien truc ha noi']",6
Đại Học Hàng hải,"['Đại Học Hàng hải', 'dai hoc hang hai', 'dh hang hai', 'truong dh hang hai', 'truong dai hoc hang hai', 'daj hoc hang hai']",6
Đại Học Mở Hà Nội,"['Đại Học Mở Hà Nội', 'dai hoc mo ha noi', 'dh mo ha noi', 'truong dai hoc mo ha noi', 'truong dh mo ha noi', 'daj hoc mo ha noi']",6
Đại Học Mỏ Địa Chất,"['Đại Học Mỏ Địa Chất', 'dai hoc mo dia chat', 'truong dh mo dia chat', 'dh mo dia chat', 'daj hoc mo dia chat', 'truong dai hoc mo dia chat']",6
Học Viện Âm nhạc Quốc gia Việt Nam,"['Học Viện Âm nhạc Quốc gia Việt Nam', 'hoc vien am nhac quoc gia viet nam']",2
Đại Học Nông Lâm,"['Đại Học Nông Lâm', 'dai hoc nong lam', 'dh nong lam', 'daj hoc nong lam', 'truong dh nong lam', 'truong dai hoc nong lam']",6
Học Viện Nông Nghiệp Việt Nam,"['Học Viện Nông Nghiệp Việt Nam', 'hoc vien nong nghiep viet nam']",2
Đại Học Tài nguyên và Môi trường ,"['Đại Học Tài nguyên và Môi trường ', 'dai hoc tai nguyen va moi truong', 'truong dai hoc tai nguyen va moi truong', 'daj hoc tai nguyen va moi truong', 'truong dh tai nguyen va moi truong', 'dh tai nguyen va moi truong']",6
Đại Học Lâm nghiệp,"['Đại Học Lâm nghiệp', 'dai hoc lam nghiep', 'truong dh lam nghiep', 'dh lam nghiep', 'truong dai hoc lam nghiep', 'daj hoc lam nghiep']",6
Đại Học Công nghiệp Hà Nội,"['Đại Học Công nghiệp Hà Nội', 'dai hoc cong nghiep ha noi', 'truong dai hoc cong nghiep ha noi', 'dh cong nghiep ha noi', 'truong dh cong nghiep ha noi', 'daj hoc cong nghiep ha noi']",6
Đại Học Luật Hà Nội,"['Đại Học Luật Hà Nội', 'dai hoc luat ha noi', 'dh luat ha noi', 'daj hoc luat ha noi', 'truong dh luat ha noi', 'truong dai hoc luat ha noi']",6
Đại Học Kinh doanh & Công nghệ Hà Nội,"['Đại Học Kinh doanh & Công nghệ Hà Nội', 'dai hoc kinh doanh cong nghe ha noi', 'truong dh kinh doanh cong nghe ha noi', 'truong dai hoc kinh doanh cong nghe ha noi', 'dh kinh doanh cong nghe ha noi', 'daj hoc kinh doanh cong nghe ha noi']",6
Đại Học Giao thông vận tải Hà Nội,"['Đại Học Giao thông vận tải Hà Nội', 'dai hoc giao thong van tai ha noi', 'daj hoc giao thong van tai ha noi', 'dai hoc gtvt ha noi', 'truong dh giao thong van tai ha noi', 'dh giao thong van tai ha noi', 'truong dai hoc giao thong van tai ha noi']",7
Học Viện Công Nghệ Bưu Chính Viễn Thông,"['Học Viện Công Nghệ Bưu Chính Viễn Thông', 'hoc vien cong nghe buu chinh vien thong']",2
Đại Học Văn hóa Hà Nội,"['Đại Học Văn hóa Hà Nội', 'dai hoc van hoa ha noi', 'truong dh van hoa ha noi', 'truong dai hoc van hoa ha noi', 'daj hoc van hoa ha noi', 'dh van hoa ha noi']",6
Đại Học Nội vụ,"['Đại Học Nội vụ', 'dai hoc noi vu', 'daj hoc noi vu', 'truong dh noi vu', 'truong dai hoc noi vu', 'dh noi vu']",6
Đại Học Giáo dục,"['Đại Học Giáo dục', 'dai hoc giao duc', 'truong dai hoc giao duc', 'daj hoc giao duc', 'dh giao duc', 'truong dh giao duc']",6
Đại Học Việt – Nhật,"['Đại Học Việt – Nhật', 'dai hoc viet nhat', 'daj hoc viet nhat', 'truong dh viet nhat', 'truong dai hoc viet nhat', 'dh viet nhat']",6
Học Viện Báo chí & Tuyên truyền,"['Học Viện Báo chí & Tuyên truyền', 'hoc vien bao chi tuyen truyen']",2
Học Viện Ngoại giao,"['Học Viện Ngoại giao', 'hoc vien ngoai giao']",2
Học Viện Ngân hàng,"['Học Viện Ngân hàng', 'hoc vien ngan hang', 'hvnh']",3
Học Viện Tòa Án,"['Học Viện Tòa Án', 'hoc vien toa an']",2
Học Viện Tài chính,"['Học Viện Tài chính', 'hoc vien tai chinh']",2
Đại Học Tài chính – Ngân hàng,"['Đại Học Tài chính – Ngân hàng', 'dai hoc tai chinh ngan hang', 'truong dai hoc tai chinh ngan hang', 'daj hoc tai chinh ngan hang', 'truong dh tai chinh ngan hang', 'dh tai chinh ngan hang']",6
Đại Học Thăng Long,"['Đại Học Thăng Long', 'dai hoc thang long', 'daj hoc thang long', 'truong dh thang long', 'truong dai hoc thang long', 'dh thang long']",6
Đại Học Phương Đông,"['Đại Học Phương Đông', 'dai hoc phuong dong', 'truong dh phuong dong', 'truong dai hoc phuong dong', 'daj hoc phuong dong', 'dh phuong dong']",6
Đại Học FPT,"['Đại Học FPT', 'dai hoc fpt', 'truong dh fpt', 'daj hoc fpt', 'dh fpt', 'truong dai hoc fpt']",6
Đại Học Đại Nam,"['Đại Học Đại Nam', 'dai hoc dai nam', 'dh dai nam', 'truong dh dai nam', 'truong dai hoc dai nam', 'daj hoc dai nam']",6
Học Viện Công nghệ Hoàng gia Melbourne,"['Học Viện Công nghệ Hoàng gia Melbourne', 'hoc vien cong nghe hoang gia melbourne']",2
Đại Học Xây dựng,"['Đại Học Xây dựng', 'dai hoc xay dung', 'truong dai hoc xay dung', 'truong dh xay dung', 'daj hoc xay dung', 'dh xay dung']",6
Đại Học Sân khấu – Điện Ảnh Hà Nội,"['Đại Học Sân khấu – Điện Ảnh Hà Nội', 'dai hoc san khau dien anh ha noi', 'truong dh san khau dien anh ha noi', 'truong dai hoc san khau dien anh ha noi', 'dh san khau dien anh ha noi', 'daj hoc san khau dien anh ha noi']",6
Đại Học Lao động – Xã hội,"['Đại Học Lao động – Xã hội', 'dai hoc lao dong xa hoi', 'truong dh lao dong xa hoi', 'daj hoc lao dong xa hoi', 'truong dai hoc lao dong xa hoi', 'dh lao dong xa hoi']",6
Đại Học Công đoàn,"['Đại Học Công đoàn', 'dai hoc cong doan', 'daj hoc cong doan', 'truong dai hoc cong doan', 'truong dh cong doan', 'dh cong doan']",6
Đại Học Dược Hà Nội,"['Đại Học Dược Hà Nội', 'dai hoc duoc ha noi', 'truong dai hoc duoc ha noi', 'dh duoc ha noi', 'truong dh duoc ha noi', 'daj hoc duoc ha noi']",6
Học Viện Khoa học quân sự,"['Học Viện Khoa học quân sự', 'hoc vien khoa hoc quan su']",2
Học Viện Kỹ thuật mật mã,"['Học Viện Kỹ thuật mật mã', 'hoc vien ky thuat mat ma']",2
Học Viện Thiết kế & Thời trang London,"['Học Viện Thiết kế & Thời trang London', 'hoc vien thiet ke thoi trang london']",2
Đại Học Mỹ thuật công nghiệp,"['Đại Học Mỹ thuật công nghiệp', 'dai hoc my thuat cong nghiep', 'truong dh my thuat cong nghiep', 'daj hoc my thuat cong nghiep', 'truong dai hoc my thuat cong nghiep', 'dh my thuat cong nghiep']",6
Đại Học Phòng cháy chữa cháy,"['Đại Học Phòng cháy chữa cháy', 'dai hoc phong chay chua chay', 'truong dai hoc phong chay chua chay', 'truong dh phong chay chua chay', 'daj hoc phong chay chua chay', 'dh phong chay chua chay']",6
Đại Học Kiểm sát,"['Đại Học Kiểm sát', 'dai hoc kiem sat', 'dh kiem sat', 'truong dh kiem sat', 'truong dai hoc kiem sat', 'daj hoc kiem sat']",6
Học Viện Hậu cần,"['Học Viện Hậu cần', 'hoc vien hau can']",2
Học Viện An ninh nhân dân,"['Học Viện An ninh nhân dân', 'hoc vien an ninh nhan dan']",2
Học Viện Thanh thiếu niên Việt Nam,"['Học Viện Thanh thiếu niên Việt Nam', 'hoc vien thanh thieu nien viet nam']",2
Đại Học Kinh tế HCM,"['Đại Học Kinh tế HCM', 'dai hoc kinh te hcm', 'dh kinh te hcm', 'truong dh kinh te hcm', 'truong dai hoc kinh te hcm', 'daj hoc kinh te hcm']",6
Đại Học Kinh tế – Tài chính,"['Đại Học Kinh tế – Tài chính', 'dai hoc kinh te tai chinh', 'daj hoc kinh te tai chinh', 'truong dh kinh te tai chinh', 'truong dai hoc kinh te tai chinh', 'dh kinh te tai chinh']",6
Đại Học Kinh tế – Luật,"['Đại Học Kinh tế – Luật', 'dai hoc kinh te luat', 'truong dai hoc kinh te luat', 'daj hoc kinh te luat', 'dh kinh te luat', 'truong dh kinh te luat']",6
Đại Học Y Dược TPHCM,"['Đại Học Y Dược TPHCM', 'dai hoc y duoc tphcm', 'dh y duoc tphcm', 'truong dai hoc y duoc tphcm', 'daj hoc y duoc tphcm', 'truong dh y duoc tphcm']",6
Đại Học Bách khoa TPHCM,"['Đại Học Bách khoa TPHCM', 'dai hoc bach khoa tphcm', 'truong dai hoc bach khoa tphcm', 'truong dh bach khoa tphcm', 'dai hoc bk tphcm', 'daj hoc bach khoa tphcm', 'dh bach khoa tphcm']",7
Đại Học Công nghiệp TPHCM,"['Đại Học Công nghiệp TPHCM', 'dai hoc cong nghiep tphcm', 'truong dh cong nghiep tphcm', 'dh cong nghiep tphcm', 'truong dai hoc cong nghiep tphcm', 'daj hoc cong nghiep tphcm']",6
Đại Học Công nghệ TPHCM,"['Đại Học Công nghệ TPHCM', 'dai hoc cong nghe tphcm', 'truong dh cong nghe tphcm', 'daj hoc cong nghe tphcm', 'dh cong nghe tphcm', 'truong dai hoc cong nghe tphcm']",6
Đại Học Công nghệ Thông tin TPHCM,"['Đại Học Công nghệ Thông tin TPHCM', 'dai hoc cong nghe thong tin tphcm', 'truong dh cong nghe thong tin tphcm', 'daj hoc cong nghe thong tin tphcm', 'truong dai hoc cong nghe thong tin tphcm', 'dh cong nghe thong tin tphcm']",6
Đại Học Ngoại ngữ – Tin học TPHCM,"['Đại Học Ngoại ngữ – Tin học TPHCM', 'dai hoc ngoai ngu tin hoc tphcm', 'dh ngoai ngu tin hoc tphcm', 'truong dh ngoai ngu tin hoc tphcm', 'daj hoc ngoai ngu tin hoc tphcm', 'truong dai hoc ngoai ngu tin hoc tphcm']",6
Đại Học Sư Phạm Kỹ Thuật TPHCM ,"['Đại Học Sư Phạm Kỹ Thuật TPHCM ', 'dai hoc su pham ky thuat tphcm', 'dh su pham ky thuat tphcm', 'daj hoc su pham ky thuat tphcm', 'dhsp ky thuat tphcm', 'truong dai hoc su pham ky thuat tphcm', 'truong dh su pham ky thuat tphcm']",7
Học Viện chính trị quốc gia,"['Học Viện chính trị quốc gia', 'hoc vien chinh tri quoc gia']",2
Đại Học Kiến trúc TPHCM,"['Đại Học Kiến trúc TPHCM', 'dai hoc kien truc tphcm', 'daj hoc kien truc tphcm', 'truong dai hoc kien truc tphcm', 'truong dh kien truc tphcm', 'dh kien truc tphcm']",6
Đại Học Hoa Sen,"['Đại Học Hoa Sen', 'dai hoc hoa sen', 'truong dh hoa sen', 'truong dai hoc hoa sen', 'daj hoc hoa sen', 'dh hoa sen']",6
Đại Học Văn Lang,"['Đại Học Văn Lang', 'dai hoc van lang', 'daj hoc van lang', 'dh van lang', 'truong dai hoc van lang', 'truong dh van lang']",6
Đại Học Tôn Đức Thắng,"['Đại Học Tôn Đức Thắng', 'dai hoc ton duc thang', 'truong dh ton duc thang', 'dh ton duc thang', 'truong dai hoc ton duc thang', 'daj hoc ton duc thang']",6
Đại Học Sư phạm Thể dục Thể thao TPHCM,"['Đại Học Sư phạm Thể dục Thể thao TPHCM', 'dai hoc su pham the duc the thao tphcm', 'truong dai hoc su pham the duc the thao tphcm', 'daj hoc su pham the duc the thao tphcm', 'dhsp the duc the thao tphcm', 'truong dh su pham the duc the thao tphcm', 'dh su pham the duc the thao tphcm']",7
Đại Học Kinh tế – Kỹ thuật Công nghiệp,"['Đại Học Kinh tế – Kỹ thuật Công nghiệp', 'dai hoc kinh te ky thuat cong nghiep', 'daj hoc kinh te ky thuat cong nghiep', 'dh kinh te ky thuat cong nghiep', 'truong dai hoc kinh te ky thuat cong nghiep', 'truong dh kinh te ky thuat cong nghiep']",6
Đại Học Thành Đô,"['Đại Học Thành Đô', 'dai hoc thanh do', 'truong dai hoc thanh do', 'truong dh thanh do', 'dh thanh do', 'daj hoc thanh do']",6
Đại Học Giao thông Vận tải TPHCM,"['Đại Học Giao thông Vận tải TPHCM', 'dai hoc giao thong van tai tphcm', 'dh giao thong van tai tphcm', 'dai hoc gtvt tphcm', 'truong dai hoc giao thong van tai tphcm', 'truong dh giao thong van tai tphcm', 'daj hoc giao thong van tai tphcm']",7
Nhạc viện TPHCM,"['Nhạc viện TPHCM', 'nhac vien tphcm']",2
Học Viện Hàng không,"['Học Viện Hàng không', 'hoc vien hang khong']",2
Đại Học Tài nguyên – Môi trường,"['Đại Học Tài nguyên – Môi trường', 'dai hoc tai nguyen moi truong', 'daj hoc tai nguyen moi truong', 'truong dai hoc tai nguyen moi truong', 'truong dh tai nguyen moi truong', 'dh tai nguyen moi truong']",6
Đại Học Công nghiệp Thực phẩm,"['Đại Học Công nghiệp Thực phẩm', 'dai hoc cong nghiep thuc pham', 'daj hoc cong nghiep thuc pham', 'truong dai hoc cong nghiep thuc pham', 'dh cong nghiep thuc pham', 'truong dh cong nghiep thuc pham']",6
Học viện Hành chính Quốc gia ,"['Học viện Hành chính Quốc gia ', 'hoc vien hanh chinh quoc gia']",2
AUV Đại học Mỹ tại Việt Nam,"['AUV Đại học Mỹ tại Việt Nam', 'auv dai hoc my tai viet nam', 'auv daj hoc my tai viet nam', 'auv dh my tai viet nam', 'auv truong dh my tai viet nam', 'auv truong dai hoc my tai viet nam']",6
Đại học Buôn Ma Thuột,"['Đại học Buôn Ma Thuột', 'dai hoc buon ma thuot', 'dh buon ma thuot', 'truong dai hoc buon ma thuot', 'truong dh buon ma thuot', 'daj hoc buon ma thuot']",6
Đại Học Bà Rịa – Vũng Tàu,"['Đại Học Bà Rịa – Vũng Tàu', 'dai hoc ba ria vung tau', 'truong dh ba ria vung tau', 'truong dai hoc ba ria vung tau', 'dh ba ria vung tau', 'daj hoc ba ria vung tau']",6
Đại Học Công Nghiệp Dệt May Hà Nội,"['Đại Học Công Nghiệp Dệt May Hà Nội', 'dai hoc cong nghiep det may ha noi', 'dh cong nghiep det may ha noi', 'daj hoc cong nghiep det may ha noi', 'truong dai hoc cong nghiep det may ha noi', 'truong dh cong nghiep det may ha noi']",6
Đại học Kinh Tế Nghệ An,"['Đại học Kinh Tế Nghệ An', 'dai hoc kinh te nghe an', 'daj hoc kinh te nghe an', 'truong dh kinh te nghe an', 'truong dai hoc kinh te nghe an', 'dh kinh te nghe an']",6
Cao Đẳng Kỹ Thuật Cao Thắng,"['Cao Đẳng Kỹ Thuật Cao Thắng', 'cao dang ky thuat cao thang', 'cd ky thuat cao thang', 'truong cao dang ky thuat cao thang']",4
Đại Học Đông Á,"['Đại Học Đông Á', 'dai hoc dong a', 'daj hoc dong a', 'dh dong a', 'truong dh dong a', 'truong dai hoc dong a']",6
Đại học Nông Lâm Bắc Giang,"['Đại học Nông Lâm Bắc Giang', 'dai hoc nong lam bac giang', 'dh nong lam bac giang', 'truong dai hoc nong lam bac giang', 'truong dh nong lam bac giang', 'daj hoc nong lam bac giang']",6
Đại Học Bạc Liêu,"['Đại Học Bạc Liêu', 'dai hoc bac lieu', 'dh bac lieu', 'daj hoc bac lieu', 'truong dh bac lieu', 'truong dai hoc bac lieu']",6
Đại Học Công Nghệ Đồng Nai,"['Đại Học Công Nghệ Đồng Nai', 'dai hoc cong nghe dong nai', 'truong dh cong nghe dong nai', 'dh cong nghe dong nai', 'daj hoc cong nghe dong nai', 'truong dai hoc cong nghe dong nai']",6
Đại Học Gia Định,"['Đại Học Gia Định', 'dai hoc gia dinh', 'daj hoc gia dinh', 'dh gia dinh', 'truong dh gia dinh', 'truong dai hoc gia dinh']",6
Đại Học Cửu Long,"['Đại Học Cửu Long', 'dai hoc cuu long', 'dh cuu long', 'daj hoc cuu long', 'truong dai hoc cuu long', 'truong dh cuu long']",6
Đại Học Công Nghiệp Hà Nội,"['Đại Học Công Nghiệp Hà Nội', 'dai hoc cong nghiep ha noi', 'dh cong nghiep ha noi', 'daj hoc cong nghiep ha noi', 'truong dai hoc cong nghiep ha noi', 'truong dh cong nghiep ha noi']",6
Đại Học Công Nghiệp Thực Phẩm TP HCM,"['Đại Học Công Nghiệp Thực Phẩm TP HCM', 'dai hoc cong nghiep thuc pham tp hcm', 'dai hoc cong nghiep thuc pham tp. ho chi minh', 'truong dai hoc cong nghiep thuc pham tp hcm', 'dai hoc cong nghiep thuc pham tphcm', 'daj hoc cong nghiep thuc pham tp hcm', 'dai hoc cong nghiep thuc pham tp.hcm', 'dh cong nghiep thuc pham tp hcm', 'truong dh cong nghiep thuc pham tp hcm', 'dai hoc cong nghiep thuc pham tp ho chi minh']",10
Đại học Công nghiệp Vinh,"['Đại học Công nghiệp Vinh', 'dai hoc cong nghiep vinh', 'daj hoc cong nghiep vinh', 'truong dai hoc cong nghiep vinh', 'dh cong nghiep vinh', 'truong dh cong nghiep vinh']",6
Đại Học Tây Đô,"['Đại Học Tây Đô', 'dai hoc tay do', 'truong dai hoc tay do', 'truong dh tay do', 'daj hoc tay do', 'dh tay do']",6
Đại Học Ngoại Ngữ – Đại Học Đà Nẵng,"['Đại Học Ngoại Ngữ – Đại Học Đà Nẵng', 'dai hoc ngoai ngu dai hoc da nang', 'truong dh ngoai ngu dai hoc da nang', 'dh ngoai ngu dai hoc da nang', 'truong dai hoc ngoai ngu dai hoc da nang', 'daj hoc ngoai ngu dai hoc da nang']",6
Đại Học Bách Khoa – Đại Học Đà Nẵng,"['Đại Học Bách Khoa – Đại Học Đà Nẵng', 'dai hoc bach khoa dai hoc da nang', 'daj hoc bach khoa dai hoc da nang', 'truong dh bach khoa dai hoc da nang', 'dai hoc bk dai hoc da nang', 'truong dai hoc bach khoa dai hoc da nang', 'dh bach khoa dai hoc da nang']",7
Đại Học Điện Lực,"['Đại Học Điện Lực', 'dai hoc dien luc', 'truong dh dien luc', 'dh dien luc', 'daj hoc dien luc', 'truong dai hoc dien luc']",6
Đại Học Công Nghiệp Quảng Ninh,"['Đại Học Công Nghiệp Quảng Ninh', 'dai hoc cong nghiep quang ninh', 'truong dh cong nghiep quang ninh', 'daj hoc cong nghiep quang ninh', 'dh cong nghiep quang ninh', 'truong dai hoc cong nghiep quang ninh']",6
Đại Học Đồng Nai,"['Đại Học Đồng Nai', 'dai hoc dong nai', 'truong dai hoc dong nai', 'daj hoc dong nai', 'dh dong nai', 'truong dh dong nai']",6
Phân Hiệu Đại Học Đà Nẵng tại Kon Tum,"['Phân Hiệu Đại Học Đà Nẵng tại Kon Tum', 'phan hieu dai hoc da nang tai kon tum', 'phan hieu daj hoc da nang tai kon tum', 'phan hieu truong dh da nang tai kon tum', 'phan hieu dh da nang tai kon tum', 'phan hieu truong dai hoc da nang tai kon tum']",6
Đại Học Sư Phạm – Đại Học Đà Nẵng,"['Đại Học Sư Phạm – Đại Học Đà Nẵng', 'dai hoc su pham dai hoc da nang', 'dh su pham dai hoc da nang', 'truong dai hoc su pham dai hoc da nang', 'truong dh su pham dai hoc da nang', 'daj hoc su pham dai hoc da nang', 'dhsp dai hoc da nang']",7
Khoa Y Dược – Đại Học Đà Nẵng,"['Khoa Y Dược – Đại Học Đà Nẵng', 'khoa y duoc dai hoc da nang', 'khoa y duoc truong dh da nang', 'khoa y duoc daj hoc da nang', 'khoa y duoc dh da nang', 'khoa y duoc truong dai hoc da nang']",6
Đại học Tài Chính – Quản Trị Kinh Doanh,"['Đại học Tài Chính – Quản Trị Kinh Doanh', 'dai hoc tai chinh quan tri kinh doanh', 'truong dh tai chinh quan tri kinh doanh', 'truong dai hoc tai chinh quan tri kinh doanh', 'daj hoc tai chinh quan tri kinh doanh', 'dh tai chinh quan tri kinh doanh']",6
Đại học Luật - Đại Học Huế,"['Đại học Luật - Đại Học Huế', 'dai hoc luat dai hoc hue', 'dh luat dai hoc hue', 'daj hoc luat dai hoc hue', 'truong dh luat dai hoc hue', 'truong dai hoc luat dai hoc hue']",6
Khoa Giáo Dục Thể Chất – Đại Học Huế,"['Khoa Giáo Dục Thể Chất – Đại Học Huế', 'khoa giao duc the chat dai hoc hue', 'khoa giao duc the chat daj hoc hue', 'khoa giao duc the chat truong dh hue', 'khoa giao duc the chat dh hue', 'khoa giao duc the chat truong dai hoc hue']",6
Khoa Du Lịch – Đại Học Huế,"['Khoa Du Lịch – Đại Học Huế', 'khoa du lich dai hoc hue', 'khoa du lich daj hoc hue', 'khoa du lich truong dh hue', 'khoa du lich dh hue', 'khoa du lich truong dai hoc hue']",6
Đại Học Ngoại Ngữ – Đại Học Huế,"['Đại Học Ngoại Ngữ – Đại Học Huế', 'dai hoc ngoai ngu dai hoc hue', 'truong dh ngoai ngu dai hoc hue', 'truong dai hoc ngoai ngu dai hoc hue', 'dh ngoai ngu dai hoc hue', 'daj hoc ngoai ngu dai hoc hue']",6
Đại Học Kinh Tế – Đại Học Huế,"['Đại Học Kinh Tế – Đại Học Huế', 'dai hoc kinh te dai hoc hue', 'daj hoc kinh te dai hoc hue', 'truong dh kinh te dai hoc hue', 'dh kinh te dai hoc hue', 'truong dai hoc kinh te dai hoc hue']",6
Đại Học Nông Lâm – Đại Học Huế,"['Đại Học Nông Lâm – Đại Học Huế', 'dai hoc nong lam dai hoc hue', 'dh nong lam dai hoc hue', 'truong dai hoc nong lam dai hoc hue', 'daj hoc nong lam dai hoc hue', 'truong dh nong lam dai hoc hue']",6
Đại Học Nghệ Thuật – Đại Học Huế,"['Đại Học Nghệ Thuật – Đại Học Huế', 'dai hoc nghe thuat dai hoc hue', 'daj hoc nghe thuat dai hoc hue', 'truong dai hoc nghe thuat dai hoc hue', 'dh nghe thuat dai hoc hue', 'truong dh nghe thuat dai hoc hue']",6
Phân Hiệu Đại Học Huế tại Quảng Trị,"['Phân Hiệu Đại Học Huế tại Quảng Trị', 'phan hieu dai hoc hue tai quang tri', 'phan hieu daj hoc hue tai quang tri', 'phan hieu dh hue tai quang tri', 'phan hieu truong dh hue tai quang tri', 'phan hieu truong dai hoc hue tai quang tri']",6
Đại Học Sư Phạm – Đại Học Huế,"['Đại Học Sư Phạm – Đại Học Huế', 'dai hoc su pham dai hoc hue', 'dhsp dai hoc hue', 'dh su pham dai hoc hue', 'truong dai hoc su pham dai hoc hue', 'daj hoc su pham dai hoc hue', 'truong dh su pham dai hoc hue']",7
Đại Học Khoa Học – Đại Học Huế,"['Đại Học Khoa Học – Đại Học Huế', 'dai hoc khoa hoc dai hoc hue', 'truong dai hoc khoa hoc dai hoc hue', 'dh khoa hoc dai hoc hue', 'daj hoc khoa hoc dai hoc hue', 'truong dh khoa hoc dai hoc hue']",6
Đại học Hùng Vương - TPHCM,"['Đại học Hùng Vương - TPHCM', 'dai hoc hung vuong tphcm', 'truong dh hung vuong tphcm', 'daj hoc hung vuong tphcm', 'dh hung vuong tphcm', 'truong dai hoc hung vuong tphcm']",6
Đại Học Y Dược – Đại Học Huế,"['Đại Học Y Dược – Đại Học Huế', 'dai hoc y duoc dai hoc hue', 'truong dh y duoc dai hoc hue', 'truong dai hoc y duoc dai hoc hue', 'daj hoc y duoc dai hoc hue', 'dh y duoc dai hoc hue']",6
Đại Học Kinh Tế Kỹ Thuật Bình Dương,"['Đại Học Kinh Tế Kỹ Thuật Bình Dương', 'dai hoc kinh te ky thuat binh duong', 'truong dai hoc kinh te ky thuat binh duong', 'truong dh kinh te ky thuat binh duong', 'dh kinh te ky thuat binh duong', 'daj hoc kinh te ky thuat binh duong']",6
Đại học Công Nghệ TPHCM - HUTECH,"['Đại học Công Nghệ TPHCM - HUTECH', 'dai hoc cong nghe tphcm hutech', 'truong dh cong nghe tphcm hutech', 'truong dai hoc cong nghe tphcm hutech', 'daj hoc cong nghe tphcm hutech', 'dh cong nghe tphcm hutech']",6
Đại Học Kinh Tế Kỹ Thuật Công Nghiệp,"['Đại Học Kinh Tế Kỹ Thuật Công Nghiệp', 'dai hoc kinh te ky thuat cong nghiep', 'truong dh kinh te ky thuat cong nghiep', 'dh kinh te ky thuat cong nghiep', 'truong dai hoc kinh te ky thuat cong nghiep', 'daj hoc kinh te ky thuat cong nghiep']",6
Đại học Tài Chính Kế Toán,"['Đại học Tài Chính Kế Toán', 'dai hoc tai chinh ke toan', 'truong dh tai chinh ke toan', 'daj hoc tai chinh ke toan', 'dh tai chinh ke toan', 'truong dai hoc tai chinh ke toan']",6
Đại Học Kỹ Thuật Y Tế Hải Dương,"['Đại Học Kỹ Thuật Y Tế Hải Dương', 'dai hoc ky thuat y te hai duong', 'truong dai hoc ky thuat y te hai duong', 'dh ky thuat y te hai duong', 'daj hoc ky thuat y te hai duong', 'truong dh ky thuat y te hai duong']",6
Đại Học Kinh Tế Công Nghiệp Long An,"['Đại Học Kinh Tế Công Nghiệp Long An', 'dai hoc kinh te cong nghiep long an', 'truong dh kinh te cong nghiep long an', 'daj hoc kinh te cong nghiep long an', 'dh kinh te cong nghiep long an', 'truong dai hoc kinh te cong nghiep long an']",6
Đại Học Lạc Hồng,"['Đại Học Lạc Hồng', 'dai hoc lac hong', 'daj hoc lac hong', 'truong dai hoc lac hong', 'dh lac hong', 'truong dh lac hong']",6
Đại Học Lao Động – Xã Hội ( Cơ sở phía Nam),"['Đại Học Lao Động – Xã Hội ( Cơ sở phía Nam)', 'dai hoc lao dong xa hoi co so phia nam', 'daj hoc lao dong xa hoi co so phia nam', 'dh lao dong xa hoi co so phia nam', 'truong dai hoc lao dong xa hoi co so phia nam', 'truong dh lao dong xa hoi co so phia nam']",6
Đại Học Lao Động – Xã Hội ( Cơ sở Sơn Tây ),"['Đại Học Lao Động – Xã Hội ( Cơ sở Sơn Tây )', 'dai hoc lao dong xa hoi co so son tay', 'truong dai hoc lao dong xa hoi co so son tay', 'daj hoc lao dong xa hoi co so son tay', 'dh lao dong xa hoi co so son tay', 'truong dh lao dong xa hoi co so son tay']",6
Đại Học Lao Động – Xã Hội ( Cơ sở Hà Nội ),"['Đại Học Lao Động – Xã Hội ( Cơ sở Hà Nội )', 'dai hoc lao dong xa hoi co so ha noi', 'daj hoc lao dong xa hoi co so ha noi', 'truong dai hoc lao dong xa hoi co so ha noi', 'dh lao dong xa hoi co so ha noi', 'truong dh lao dong xa hoi co so ha noi']",6
Đại học Công nghệ Miền Đông,"['Đại học Công nghệ Miền Đông', 'dai hoc cong nghe mien dong', 'dh cong nghe mien dong', 'daj hoc cong nghe mien dong', 'truong dh cong nghe mien dong', 'truong dai hoc cong nghe mien dong']",6
Đại Học Tài Chính Marketing,"['Đại Học Tài Chính Marketing', 'dai hoc tai chinh marketing', 'truong dai hoc tai chinh marketing', 'daj hoc tai chinh marketing', 'dh tai chinh marketing', 'truong dh tai chinh marketing']",6
Đại học Tài Nguyên và Môi Trường Hà Nội,"['Đại học Tài Nguyên và Môi Trường Hà Nội', 'dai hoc tai nguyen va moi truong ha noi', 'truong dai hoc tai nguyen va moi truong ha noi', 'dh tai nguyen va moi truong ha noi', 'truong dh tai nguyen va moi truong ha noi', 'daj hoc tai nguyen va moi truong ha noi']",6
Đại học Nam Cần Thơ,"['Đại học Nam Cần Thơ', 'dai hoc nam can tho', 'dh nam can tho', 'truong dai hoc nam can tho', 'truong dh nam can tho', 'daj hoc nam can tho']",6
Đại Học Ngoại Ngữ – Tin Học TPHCM,"['Đại Học Ngoại Ngữ – Tin Học TPHCM', 'dai hoc ngoai ngu tin hoc tphcm', 'daj hoc ngoai ngu tin hoc tphcm', 'truong dai hoc ngoai ngu tin hoc tphcm', 'dh ngoai ngu tin hoc tphcm', 'truong dh ngoai ngu tin hoc tphcm']",6
Đại Học Nội Vụ,"['Đại Học Nội Vụ', 'dai hoc noi vu', 'truong dai hoc noi vu', 'truong dh noi vu', 'daj hoc noi vu', 'dh noi vu']",6
Đại Học Phạm Văn Đồng,"['Đại Học Phạm Văn Đồng', 'dai hoc pham van dong', 'dh pham van dong', 'daj hoc pham van dong', 'truong dai hoc pham van dong', 'truong dh pham van dong']",6
Đại Học Phan Thiết,"['Đại Học Phan Thiết', 'dai hoc phan thiet', 'dh phan thiet', 'truong dh phan thiet', 'truong dai hoc phan thiet', 'daj hoc phan thiet']",6
Đại Học Dân Lập Phú Xuân,"['Đại Học Dân Lập Phú Xuân', 'dai hoc dan lap phu xuan', 'truong dai hoc dan lap phu xuan', 'dai hoc dl phu xuan', 'daj hoc dan lap phu xuan', 'dh dan lap phu xuan', 'truong dh dan lap phu xuan']",7
Đại Học Phú Yên,"['Đại Học Phú Yên', 'dai hoc phu yen', 'truong dai hoc phu yen', 'dh phu yen', 'truong dh phu yen', 'daj hoc phu yen']",6
Đại Học Quảng Bình,"['Đại Học Quảng Bình', 'dai hoc quang binh', 'truong dai hoc quang binh', 'daj hoc quang binh', 'truong dh quang binh', 'dh quang binh']",6
Đại Học Kinh Doanh và Công Nghệ Hà Nội,"['Đại Học Kinh Doanh và Công Nghệ Hà Nội', 'dai hoc kinh doanh va cong nghe ha noi', 'truong dh kinh doanh va cong nghe ha noi', 'daj hoc kinh doanh va cong nghe ha noi', 'truong dai hoc kinh doanh va cong nghe ha noi', 'dh kinh doanh va cong nghe ha noi']",6
Đại Học Quy Nhơn,"['Đại Học Quy Nhơn', 'dai hoc quy nhon', 'truong dai hoc quy nhon', 'truong dh quy nhon', 'daj hoc quy nhon', 'dh quy nhon']",6
Đại Học Quảng Nam,"['Đại Học Quảng Nam', 'dai hoc quang nam', 'truong dh quang nam', 'dh quang nam', 'truong dai hoc quang nam', 'daj hoc quang nam']",6
"Đại Học Sân Khấu, Điện Ảnh TPHCM","['Đại Học Sân Khấu, Điện Ảnh TPHCM', 'dai hoc san khau dien anh tphcm', 'daj hoc san khau dien anh tphcm', 'truong dh san khau dien anh tphcm', 'dh san khau dien anh tphcm', 'truong dai hoc san khau dien anh tphcm']",6
Đại Học Công Nghệ Sài Gòn,"['Đại Học Công Nghệ Sài Gòn', 'dai hoc cong nghe sai gon', 'dh cong nghe sai gon', 'daj hoc cong nghe sai gon', 'truong dh cong nghe sai gon', 'truong dai hoc cong nghe sai gon']",6
Đại Học Thành Tây,"['Đại Học Thành Tây', 'dai hoc thanh tay', 'truong dai hoc thanh tay', 'dh thanh tay', 'daj hoc thanh tay', 'truong dh thanh tay']",6
Đại học Công Nghệ Thông Tin và Truyền Thông – Đại Học Thái Nguyên,"['Đại học Công Nghệ Thông Tin và Truyền Thông – Đại Học Thái Nguyên', 'dai hoc cong nghe thong tin va truyen thong dai hoc thai nguyen', 'truong dh cong nghe thong tin va truyen thong dai hoc thai nguyen', 'daj hoc cong nghe thong tin va truyen thong dai hoc thai nguyen', 'truong dai hoc cong nghe thong tin va truyen thong dai hoc thai nguyen', 'dh cong nghe thong tin va truyen thong dai hoc thai nguyen']",6
Đại Học Kinh Tế & Quản Trị Kinh Doanh – Đại Học Thái Nguyên,"['Đại Học Kinh Tế & Quản Trị Kinh Doanh – Đại Học Thái Nguyên', 'dai hoc kinh te quan tri kinh doanh dai hoc thai nguyen', 'daj hoc kinh te quan tri kinh doanh dai hoc thai nguyen', 'dh kinh te quan tri kinh doanh dai hoc thai nguyen', 'truong dai hoc kinh te quan tri kinh doanh dai hoc thai nguyen', 'truong dh kinh te quan tri kinh doanh dai hoc thai nguyen']",6
Khoa Ngoại Ngữ – Đại Học Thái Nguyên,"['Khoa Ngoại Ngữ – Đại Học Thái Nguyên', 'khoa ngoai ngu dai hoc thai nguyen', 'khoa ngoai ngu truong dh thai nguyen', 'khoa ngoai ngu dh thai nguyen', 'khoa ngoai ngu daj hoc thai nguyen', 'khoa ngoai ngu truong dai hoc thai nguyen']",6
Đại Học Thủy Lợi ( Cơ sở 1 ),"['Đại Học Thủy Lợi ( Cơ sở 1 )', 'dai hoc thuy loi co so 1', 'truong dai hoc thuy loi co so 1', 'daj hoc thuy loi co so 1', 'truong dh thuy loi co so 1', 'dh thuy loi co so 1']",6
ĐH Tài Nguyên môi trường TPHCM,"['ĐH Tài Nguyên môi trường TPHCM', 'dh tai nguyen moi truong tphcm']",2
Đại Học Nông Lâm – Đại Học Thái Nguyên,"['Đại Học Nông Lâm – Đại Học Thái Nguyên', 'dai hoc nong lam dai hoc thai nguyen', 'truong dai hoc nong lam dai hoc thai nguyen', 'dh nong lam dai hoc thai nguyen', 'truong dh nong lam dai hoc thai nguyen', 'daj hoc nong lam dai hoc thai nguyen']",6
Phân Hiệu Đại Học Thái Nguyên Tại Lào Cai,"['Phân Hiệu Đại Học Thái Nguyên Tại Lào Cai', 'phan hieu dai hoc thai nguyen tai lao cai', 'phan hieu truong dai hoc thai nguyen tai lao cai', 'phan hieu dh thai nguyen tai lao cai', 'phan hieu truong dh thai nguyen tai lao cai', 'phan hieu daj hoc thai nguyen tai lao cai']",6
Khoa Quốc Tế - Đại Học Thái Nguyên,"['Khoa Quốc Tế - Đại Học Thái Nguyên', 'khoa quoc te dai hoc thai nguyen', 'khoa quoc te truong dai hoc thai nguyen', 'khoa quoc te truong dh thai nguyen', 'khoa quoc te dh thai nguyen', 'khoa quoc te daj hoc thai nguyen']",6
Đại Học Sư Phạm – Đại Học Thái Nguyên,"['Đại Học Sư Phạm – Đại Học Thái Nguyên', 'dai hoc su pham dai hoc thai nguyen', 'truong dai hoc su pham dai hoc thai nguyen', 'truong dh su pham dai hoc thai nguyen', 'dhsp dai hoc thai nguyen', 'dh su pham dai hoc thai nguyen', 'daj hoc su pham dai hoc thai nguyen']",7
Đại Học Y Dược – Đại Học Thái Nguyên,"['Đại Học Y Dược – Đại Học Thái Nguyên', 'dai hoc y duoc dai hoc thai nguyen', 'truong dai hoc y duoc dai hoc thai nguyen', 'daj hoc y duoc dai hoc thai nguyen', 'truong dh y duoc dai hoc thai nguyen', 'dh y duoc dai hoc thai nguyen']",6
Đại Học Khoa Học – Đại Học Thái Nguyên,"['Đại Học Khoa Học – Đại Học Thái Nguyên', 'dai hoc khoa hoc dai hoc thai nguyen', 'truong dai hoc khoa hoc dai hoc thai nguyen', 'dh khoa hoc dai hoc thai nguyen', 'daj hoc khoa hoc dai hoc thai nguyen', 'truong dh khoa hoc dai hoc thai nguyen']",6
"Đại Học Văn Hóa, Thể Thao Và Du Lịch Thanh Hóa","['Đại Học Văn Hóa, Thể Thao Và Du Lịch Thanh Hóa', 'dai hoc van hoa the thao va du lich thanh hoa', 'daj hoc van hoa the thao va du lich thanh hoa', 'truong dai hoc van hoa the thao va du lich thanh hoa', 'dh van hoa the thao va du lich thanh hoa', 'truong dh van hoa the thao va du lich thanh hoa']",6
Đại Học Văn Hiến,"['Đại Học Văn Hiến', 'dai hoc van hien', 'daj hoc van hien', 'truong dai hoc van hien', 'truong dh van hien', 'dh van hien']",6
Đại học Trưng Vương,"['Đại học Trưng Vương', 'dai hoc trung vuong', 'daj hoc trung vuong', 'truong dai hoc trung vuong', 'dh trung vuong', 'truong dh trung vuong']",6
Đại Học Công Nghệ Vạn Xuân,"['Đại Học Công Nghệ Vạn Xuân', 'dai hoc cong nghe van xuan', 'daj hoc cong nghe van xuan', 'truong dai hoc cong nghe van xuan', 'dh cong nghe van xuan', 'truong dh cong nghe van xuan']",6
Đại Học Quốc Tế Miền Đông,"['Đại Học Quốc Tế Miền Đông', 'dai hoc quoc te mien dong', 'daj hoc quoc te mien dong', 'truong dai hoc quoc te mien dong', 'dh quoc te mien dong', 'truong dh quoc te mien dong']",6
Đại Học Giao Thông Vận Tải ( Cơ sở Phía Bắc ),"['Đại Học Giao Thông Vận Tải ( Cơ sở Phía Bắc )', 'dai hoc giao thong van tai co so phia bac', 'truong dh giao thong van tai co so phia bac', 'dai hoc gtvt co so phia bac', 'truong dai hoc giao thong van tai co so phia bac', 'dh giao thong van tai co so phia bac', 'daj hoc giao thong van tai co so phia bac']",7
Đại Học Giao Thông Vận Tải ( Cơ sở Phía Nam),"['Đại Học Giao Thông Vận Tải ( Cơ sở Phía Nam)', 'dai hoc giao thong van tai co so phia nam', 'truong dai hoc giao thong van tai co so phia nam', 'dai hoc gtvt co so phia nam', 'dh giao thong van tai co so phia nam', 'daj hoc giao thong van tai co so phia nam', 'truong dh giao thong van tai co so phia nam']",7
Đại học Công nghệ Giao thông vận tải,"['Đại học Công nghệ Giao thông vận tải', 'dai hoc cong nghe giao thong van tai', 'truong dai hoc cong nghe giao thong van tai', 'dai hoc cong nghe gtvt', 'dh cong nghe giao thong van tai', 'daj hoc cong nghe giao thong van tai', 'truong dh cong nghe giao thong van tai']",7
Đại Học Giao Thông Vận Tải TPHCM,"['Đại Học Giao Thông Vận Tải TPHCM', 'dai hoc giao thong van tai tphcm', 'truong dai hoc giao thong van tai tphcm', 'dh giao thong van tai tphcm', 'dai hoc gtvt tphcm', 'truong dh giao thong van tai tphcm', 'daj hoc giao thong van tai tphcm']",7
Học Viện Báo Chí – Tuyên Truyền,"['Học Viện Báo Chí – Tuyên Truyền', 'hoc vien bao chi tuyen truyen']",2
Đại Học Quốc Tế Hồng Bàng,"['Đại Học Quốc Tế Hồng Bàng', 'dai hoc quoc te hong bang', 'dh quoc te hong bang', 'truong dai hoc quoc te hong bang', 'daj hoc quoc te hong bang', 'truong dh quoc te hong bang']",6
Học Viện Chính Sách và Phát Triển,"['Học Viện Chính Sách và Phát Triển', 'hoc vien chinh sach va phat trien']",2
Học Viện Hậu Cần - Hệ Quân sự,"['Học Viện Hậu Cần - Hệ Quân sự', 'hoc vien hau can he quan su']",2
Trường Sĩ Quan Phòng Hóa,"['Trường Sĩ Quan Phòng Hóa', 'truong si quan phong hoa']",2
Đại Học Hàng Hải,"['Đại Học Hàng Hải', 'dai hoc hang hai', 'truong dh hang hai', 'dh hang hai', 'daj hoc hang hai', 'truong dai hoc hang hai']",6
Học Viện Hàng Không Việt Nam,"['Học Viện Hàng Không Việt Nam', 'hoc vien hang khong viet nam']",2
Đại học Thủ Đô Hà Nội,"['Đại học Thủ Đô Hà Nội', 'dai hoc thu do ha noi', 'truong dh thu do ha noi', 'daj hoc thu do ha noi', 'dh thu do ha noi', 'truong dai hoc thu do ha noi']",6
Học Viện Y Dược Học Cổ Truyền Việt Nam,"['Học Viện Y Dược Học Cổ Truyền Việt Nam', 'hoc vien y duoc hoc co truyen viet nam']",2
Đại học Kỹ Thuật Công Nghệ Cần Thơ,"['Đại học Kỹ Thuật Công Nghệ Cần Thơ', 'dai hoc ky thuat cong nghe can tho', 'daj hoc ky thuat cong nghe can tho', 'dh ky thuat cong nghe can tho', 'truong dai hoc ky thuat cong nghe can tho', 'truong dh ky thuat cong nghe can tho']",6
Đại Học Kinh Tế Quốc Dân,"['Đại Học Kinh Tế Quốc Dân', 'dai hoc kinh te quoc dan', 'truong dh kinh te quoc dan', 'daj hoc kinh te quoc dan', 'dh kinh te quoc dan', 'truong dai hoc kinh te quoc dan']",6
Đại Học Kinh Tế TPHCM,"['Đại Học Kinh Tế TPHCM', 'dai hoc kinh te tphcm', 'dh kinh te tphcm', 'truong dai hoc kinh te tphcm', 'truong dh kinh te tphcm', 'daj hoc kinh te tphcm']",6
Đại Học Kinh Tế -Tài Chính TPHCM,"['Đại Học Kinh Tế -Tài Chính TPHCM', 'dai hoc kinh te tai chinh tphcm', 'dh kinh te tai chinh tphcm', 'truong dai hoc kinh te tai chinh tphcm', 'daj hoc kinh te tai chinh tphcm', 'truong dh kinh te tai chinh tphcm']",6
Trường Sĩ Quan Lục Quân 1 - Đại học Trần Quốc Tuấn,"['Trường Sĩ Quan Lục Quân 1 - Đại học Trần Quốc Tuấn', 'truong si quan luc quan 1 dai hoc tran quoc tuan', 'truong si quan luc quan 1 truong dh tran quoc tuan', 'truong si quan luc quan 1 truong dai hoc tran quoc tuan', 'truong si quan luc quan 1 daj hoc tran quoc tuan', 'truong si quan luc quan 1 dh tran quoc tuan']",6
Trường Sĩ Quan Lục Quân 2 - Đại học Nguyễn Huệ,"['Trường Sĩ Quan Lục Quân 2 - Đại học Nguyễn Huệ', 'truong si quan luc quan 2 dai hoc nguyen hue', 'truong si quan luc quan 2 truong dai hoc nguyen hue', 'truong si quan luc quan 2 daj hoc nguyen hue', 'truong si quan luc quan 2 dh nguyen hue', 'truong si quan luc quan 2 truong dh nguyen hue']",6
Đại Học Mở TPHCM,"['Đại Học Mở TPHCM', 'dai hoc mo tphcm', 'daj hoc mo tphcm', 'truong dai hoc mo tphcm', 'dh mo tphcm', 'truong dh mo tphcm']",6
Đại Học Ngân Hàng TPHCM,"['Đại Học Ngân Hàng TPHCM', 'dai hoc ngan hang tphcm', 'truong dh ngan hang tphcm', 'daj hoc ngan hang tphcm', 'truong dai hoc ngan hang tphcm', 'dh ngan hang tphcm']",6
Đại Học Ngoại Thương ( Cơ sở phía Bắc ),"['Đại Học Ngoại Thương ( Cơ sở phía Bắc )', 'dai hoc ngoai thuong co so phia bac', 'truong dh ngoai thuong co so phia bac', 'truong dai hoc ngoai thuong co so phia bac', 'daj hoc ngoai thuong co so phia bac', 'dh ngoai thuong co so phia bac']",6
Đại Học Ngoại Thương (phía Nam),"['Đại Học Ngoại Thương (phía Nam)', 'dai hoc ngoai thuong phia nam', 'dh ngoai thuong phia nam', 'daj hoc ngoai thuong phia nam', 'truong dh ngoai thuong phia nam', 'truong dai hoc ngoai thuong phia nam']",6
Đại Học Nguyễn Tất Thành,"['Đại Học Nguyễn Tất Thành', 'dai hoc nguyen tat thanh', 'truong dai hoc nguyen tat thanh', 'daj hoc nguyen tat thanh', 'dh nguyen tat thanh', 'truong dh nguyen tat thanh']",6
Học Viện Phòng Không – Không Quân,"['Học Viện Phòng Không – Không Quân', 'hoc vien phong khong khong quan']",2
Đại Học Bách Khoa – Đại Học Quốc Gia TPHCM,"['Đại Học Bách Khoa – Đại Học Quốc Gia TPHCM', 'dai hoc bach khoa dai hoc quoc gia tphcm', 'dai hoc bk dai hoc quoc gia tphcm', 'daj hoc bach khoa dai hoc quoc gia tphcm', 'truong dai hoc bach khoa dai hoc quoc gia tphcm', 'dh bach khoa dai hoc quoc gia tphcm', 'truong dh bach khoa dai hoc quoc gia tphcm']",7
Đại Học Công Nghệ Thông Tin,"['Đại Học Công Nghệ Thông Tin', 'dai hoc cong nghe thong tin', 'dh cong nghe thong tin', 'daj hoc cong nghe thong tin', 'truong dh cong nghe thong tin', 'truong dai hoc cong nghe thong tin']",6
Đại học Kinh Tế – Luật -Đại Học Quốc Gia TPHCM,"['Đại học Kinh Tế – Luật -Đại Học Quốc Gia TPHCM', 'dai hoc kinh te luat dai hoc quoc gia tphcm', 'truong dh kinh te luat dai hoc quoc gia tphcm', 'daj hoc kinh te luat dai hoc quoc gia tphcm', 'dh kinh te luat dai hoc quoc gia tphcm', 'truong dai hoc kinh te luat dai hoc quoc gia tphcm']",6
Đại Học Quốc Tế – Đại Học Quốc Gia TPHCM,"['Đại Học Quốc Tế – Đại Học Quốc Gia TPHCM', 'dai hoc quoc te dai hoc quoc gia tphcm', 'truong dai hoc quoc te dai hoc quoc gia tphcm', 'dh quoc te dai hoc quoc gia tphcm', 'truong dh quoc te dai hoc quoc gia tphcm', 'daj hoc quoc te dai hoc quoc gia tphcm']",6
Đại Học Khoa Học Tự Nhiên,"['Đại Học Khoa Học Tự Nhiên', 'dai hoc khoa hoc tu nhien', 'truong dai hoc khoa hoc tu nhien', 'truong dh khoa hoc tu nhien', 'daj hoc khoa hoc tu nhien', 'dh khoa hoc tu nhien']",6
Đại Học Khoa Học Xã Hội và Nhân Văn,"['Đại Học Khoa Học Xã Hội và Nhân Văn', 'dai hoc khoa hoc xa hoi va nhan van', 'daj hoc khoa hoc xa hoi va nhan van', 'truong dai hoc khoa hoc xa hoi va nhan van', 'truong dh khoa hoc xa hoi va nhan van', 'dh khoa hoc xa hoi va nhan van']",6
Khoa Y - Đại học Quốc Gia TPHCM,"['Khoa Y - Đại học Quốc Gia TPHCM', 'khoa y dai hoc quoc gia tphcm', 'khoa y truong dai hoc quoc gia tphcm', 'khoa y dh quoc gia tphcm', 'khoa y truong dh quoc gia tphcm', 'khoa y daj hoc quoc gia tphcm']",6
Đại Học Sài Gòn,"['Đại Học Sài Gòn', 'dai hoc sai gon', 'dh sai gon', 'truong dh sai gon', 'truong dai hoc sai gon', 'daj hoc sai gon']",6
Đại Học Sư Phạm TPHCM,"['Đại Học Sư Phạm TPHCM', 'dai hoc su pham tphcm', 'truong dai hoc su pham tphcm', 'dh su pham tphcm', 'daj hoc su pham tphcm', 'dhsp tphcm', 'truong dh su pham tphcm']",7
Đại Học An Giang,"['Đại Học An Giang', 'dai hoc an giang', 'truong dh an giang', 'truong dai hoc an giang', 'daj hoc an giang', 'dh an giang']",6
Đại Học Đà Lạt,"['Đại Học Đà Lạt', 'dai hoc da lat', 'truong dai hoc da lat', 'dh da lat', 'truong dh da lat', 'daj hoc da lat']",6
Đại Học Nguyễn Trãi,"['Đại Học Nguyễn Trãi', 'dai hoc nguyen trai', 'truong dh nguyen trai', 'daj hoc nguyen trai', 'truong dai hoc nguyen trai', 'dh nguyen trai']",6
Đại Học Văn Hóa Hà Nội,"['Đại Học Văn Hóa Hà Nội', 'dai hoc van hoa ha noi', 'daj hoc van hoa ha noi', 'truong dh van hoa ha noi', 'dh van hoa ha noi', 'truong dai hoc van hoa ha noi']",6
Đại Học Công Nghệ và Quản Lý Hữu Nghị,"['Đại Học Công Nghệ và Quản Lý Hữu Nghị', 'dai hoc cong nghe va quan ly huu nghi', 'truong dh cong nghe va quan ly huu nghi', 'dh cong nghe va quan ly huu nghi', 'daj hoc cong nghe va quan ly huu nghi', 'truong dai hoc cong nghe va quan ly huu nghi']",6
Đại học Công nghệ Đông Á,"['Đại học Công nghệ Đông Á', 'dai hoc cong nghe dong a', 'dh cong nghe dong a', 'daj hoc cong nghe dong a', 'truong dh cong nghe dong a', 'truong dai hoc cong nghe dong a']",6
Đại học Phan Châu Trinh,"['Đại học Phan Châu Trinh', 'dai hoc phan chau trinh', 'dh phan chau trinh', 'truong dai hoc phan chau trinh', 'truong dh phan chau trinh', 'daj hoc phan chau trinh']",6
Đại học Yersin Đà Lạt,"['Đại học Yersin Đà Lạt', 'dai hoc yersin da lat', 'truong dai hoc yersin da lat', 'dh yersin da lat', 'truong dh yersin da lat', 'daj hoc yersin da lat']",6
Đại học Luật TP.HCM,"['Đại học Luật TP.HCM', 'dai hoc luat tp hcm', 'dai hoc luat tphcm', 'truong dh luat tp hcm', 'truong dai hoc luat tp hcm', 'dai hoc luat tp ho chi minh', 'dai hoc luat tp. ho chi minh', 'dh luat tp hcm', 'daj hoc luat tp hcm', 'dai hoc luat tp.hcm']",10
Đại Học Sư Phạm Nghệ Thuật Trung Ương,"['Đại Học Sư Phạm Nghệ Thuật Trung Ương', 'dai hoc su pham nghe thuat trung uong', 'dh su pham nghe thuat trung uong', 'truong dai hoc su pham nghe thuat trung uong', 'daj hoc su pham nghe thuat trung uong', 'dhsp nghe thuat trung uong', 'truong dh su pham nghe thuat trung uong']",7
Đại Học Hải Phòng,"['Đại Học Hải Phòng', 'dai hoc hai phong', 'daj hoc hai phong', 'truong dh hai phong', 'dh hai phong', 'truong dai hoc hai phong']",6
Đại Học Hoa Lư,"['Đại Học Hoa Lư', 'dai hoc hoa lu', 'truong dh hoa lu', 'daj hoc hoa lu', 'dh hoa lu', 'truong dai hoc hoa lu']",6
Đại Học Quang Trung,"['Đại Học Quang Trung', 'dai hoc quang trung', 'daj hoc quang trung', 'dh quang trung', 'truong dh quang trung', 'truong dai hoc quang trung']",6
Đại Học Tài Chính Ngân Hàng Hà Nội,"['Đại Học Tài Chính Ngân Hàng Hà Nội', 'dai hoc tai chinh ngan hang ha noi', 'daj hoc tai chinh ngan hang ha noi', 'dh tai chinh ngan hang ha noi', 'truong dh tai chinh ngan hang ha noi', 'truong dai hoc tai chinh ngan hang ha noi']",6
Đại Học Hà Tĩnh,"['Đại Học Hà Tĩnh', 'dai hoc ha tinh', 'daj hoc ha tinh', 'truong dai hoc ha tinh', 'truong dh ha tinh', 'dh ha tinh']",6
Học Viện Thanh Thiếu Niên Việt Nam,"['Học Viện Thanh Thiếu Niên Việt Nam', 'hoc vien thanh thieu nien viet nam']",2
Đại Học Dầu Khí Việt Nam,"['Đại Học Dầu Khí Việt Nam', 'dai hoc dau khi viet nam', 'dh dau khi viet nam', 'truong dh dau khi viet nam', 'truong dai hoc dau khi viet nam', 'daj hoc dau khi viet nam']",6
Đại Học Đồng Tháp,"['Đại Học Đồng Tháp', 'dai hoc dong thap', 'truong dai hoc dong thap', 'truong dh dong thap', 'dh dong thap', 'daj hoc dong thap']",6
Đại Học Sư Phạm Hà Nội,"['Đại Học Sư Phạm Hà Nội', 'dai hoc su pham ha noi', 'truong dai hoc su pham ha noi', 'daj hoc su pham ha noi', 'dhsp ha noi', 'dh su pham ha noi', 'truong dh su pham ha noi']",7
Đại Học Sư Phạm Kỹ Thuật TPHCM,"['Đại Học Sư Phạm Kỹ Thuật TPHCM', 'dai hoc su pham ky thuat tphcm', 'truong dh su pham ky thuat tphcm', 'truong dai hoc su pham ky thuat tphcm', 'dhsp ky thuat tphcm', 'dh su pham ky thuat tphcm', 'daj hoc su pham ky thuat tphcm']",7
Đại Học Cần Thơ,"['Đại Học Cần Thơ', 'dai hoc can tho', 'dh can tho', 'truong dai hoc can tho', 'daj hoc can tho', 'truong dh can tho']",6
Đại học Thủ Dầu Một,"['Đại học Thủ Dầu Một', 'dai hoc thu dau mot', 'dh thu dau mot', 'daj hoc thu dau mot', 'truong dai hoc thu dau mot', 'truong dh thu dau mot']",6
Đại Học Vinh,"['Đại Học Vinh', 'dai hoc vinh', 'daj hoc vinh', 'dh vinh', 'truong dai hoc vinh', 'truong dh vinh']",6
Đại Học Dân Lập Duy Tân,"['Đại Học Dân Lập Duy Tân', 'dai hoc dan lap duy tan', 'truong dai hoc dan lap duy tan', 'dh dan lap duy tan', 'daj hoc dan lap duy tan', 'dai hoc dl duy tan', 'truong dh dan lap duy tan']",7
Đại học Kiểm Sát Hà Nội,"['Đại học Kiểm Sát Hà Nội', 'dai hoc kiem sat ha noi', 'truong dai hoc kiem sat ha noi', 'truong dh kiem sat ha noi', 'dh kiem sat ha noi', 'daj hoc kiem sat ha noi']",6
Đại Học Hồng Đức,"['Đại Học Hồng Đức', 'dai hoc hong duc', 'truong dai hoc hong duc', 'daj hoc hong duc', 'truong dh hong duc', 'dh hong duc']",6
Học Viện Phụ Nữ Việt Nam,"['Học Viện Phụ Nữ Việt Nam', 'hoc vien phu nu viet nam']",2
Học Viện Ngoại Giao,"['Học Viện Ngoại Giao', 'hoc vien ngoai giao']",2
Học viện Tòa án,"['Học viện Tòa án', 'hoc vien toa an']",2
Học Viện Tài Chính,"['Học Viện Tài Chính', 'hoc vien tai chinh']",2
Trường Sĩ Quan Không Quân - Hệ Đại học,"['Trường Sĩ Quan Không Quân - Hệ Đại học', 'truong si quan khong quan he dai hoc', 'truong si quan khong quan he truong dai hoc', 'truong si quan khong quan he daj hoc', 'truong si quan khong quan he dh', 'truong si quan khong quan he truong dh']",6
Học Viện Kỹ Thuật Mật Mã,"['Học Viện Kỹ Thuật Mật Mã', 'hoc vien ky thuat mat ma']",2
Học Viện Kỹ Thuật Quân Sự - Hệ Quân sự,"['Học Viện Kỹ Thuật Quân Sự - Hệ Quân sự', 'hoc vien ky thuat quan su he quan su']",2
Đại Học Kiến Trúc Hà Nội,"['Đại Học Kiến Trúc Hà Nội', 'dai hoc kien truc ha noi', 'daj hoc kien truc ha noi', 'truong dai hoc kien truc ha noi', 'truong dh kien truc ha noi', 'dh kien truc ha noi']",6
Đại Học Kiến Trúc TPHCM,"['Đại Học Kiến Trúc TPHCM', 'dai hoc kien truc tphcm', 'truong dai hoc kien truc tphcm', 'dh kien truc tphcm', 'truong dh kien truc tphcm', 'daj hoc kien truc tphcm']",6
Đại Học Công Đoàn,"['Đại Học Công Đoàn', 'dai hoc cong doan', 'truong dh cong doan', 'daj hoc cong doan', 'truong dai hoc cong doan', 'dh cong doan']",6
Viện Đại Học Mở Hà Nội,"['Viện Đại Học Mở Hà Nội', 'vien dai hoc mo ha noi', 'vien daj hoc mo ha noi', 'vien dh mo ha noi', 'vien truong dai hoc mo ha noi', 'vien truong dh mo ha noi']",6
Học Viện Khoa Học Quân Sự - Hệ Quân sự,"['Học Viện Khoa Học Quân Sự - Hệ Quân sự', 'hoc vien khoa hoc quan su he quan su']",2
Đại Học Phòng Cháy Chữa Cháy ( Phía Bắc ),"['Đại Học Phòng Cháy Chữa Cháy ( Phía Bắc )', 'dai hoc phong chay chua chay phia bac', 'dh phong chay chua chay phia bac', 'truong dh phong chay chua chay phia bac', 'daj hoc phong chay chua chay phia bac', 'truong dai hoc phong chay chua chay phia bac']",6
Đại Học Phòng Cháy Chữa Cháy (phía Nam),"['Đại Học Phòng Cháy Chữa Cháy (phía Nam)', 'dai hoc phong chay chua chay phia nam', 'daj hoc phong chay chua chay phia nam', 'truong dai hoc phong chay chua chay phia nam', 'dh phong chay chua chay phia nam', 'truong dh phong chay chua chay phia nam']",6
Đại Học Kinh Tế – Đại Học Quốc Gia Hà Nội,"['Đại Học Kinh Tế – Đại Học Quốc Gia Hà Nội', 'dai hoc kinh te dai hoc quoc gia ha noi', 'dh kinh te dai hoc quoc gia ha noi', 'truong dh kinh te dai hoc quoc gia ha noi', 'daj hoc kinh te dai hoc quoc gia ha noi', 'truong dai hoc kinh te dai hoc quoc gia ha noi']",6
Đại Học Ngoại Ngữ – Đại Học Quốc Gia Hà Nội,"['Đại Học Ngoại Ngữ – Đại Học Quốc Gia Hà Nội', 'dai hoc ngoai ngu dai hoc quoc gia ha noi', 'truong dh ngoai ngu dai hoc quoc gia ha noi', 'daj hoc ngoai ngu dai hoc quoc gia ha noi', 'truong dai hoc ngoai ngu dai hoc quoc gia ha noi', 'dh ngoai ngu dai hoc quoc gia ha noi']",6
Đại Học Công Nghệ – Đại Học Quốc Gia Hà Nội,"['Đại Học Công Nghệ – Đại Học Quốc Gia Hà Nội', 'dai hoc cong nghe dai hoc quoc gia ha noi', 'daj hoc cong nghe dai hoc quoc gia ha noi', 'truong dh cong nghe dai hoc quoc gia ha noi', 'dh cong nghe dai hoc quoc gia ha noi', 'truong dai hoc cong nghe dai hoc quoc gia ha noi']",6
Khoa Luật – Đại Học Quốc Gia Hà Nội,"['Khoa Luật – Đại Học Quốc Gia Hà Nội', 'khoa luat dai hoc quoc gia ha noi', 'khoa luat daj hoc quoc gia ha noi', 'khoa luat truong dai hoc quoc gia ha noi', 'khoa luat truong dh quoc gia ha noi', 'khoa luat dh quoc gia ha noi']",6
Khoa Quốc Tế – Đại Học Quốc Gia Hà Nội,"['Khoa Quốc Tế – Đại Học Quốc Gia Hà Nội', 'khoa quoc te dai hoc quoc gia ha noi', 'khoa quoc te truong dh quoc gia ha noi', 'khoa quoc te daj hoc quoc gia ha noi', 'khoa quoc te dh quoc gia ha noi', 'khoa quoc te truong dai hoc quoc gia ha noi']",6
Đại Học Giáo Dục - Đại học Quốc Gia Hà Nội,"['Đại Học Giáo Dục - Đại học Quốc Gia Hà Nội', 'dai hoc giao duc dai hoc quoc gia ha noi', 'truong dai hoc giao duc dai hoc quoc gia ha noi', 'truong dh giao duc dai hoc quoc gia ha noi', 'dh giao duc dai hoc quoc gia ha noi', 'daj hoc giao duc dai hoc quoc gia ha noi']",6
Đại Học Khoa Học Tự Nhiên – Đại Học Quốc Gia Hà Nội,"['Đại Học Khoa Học Tự Nhiên – Đại Học Quốc Gia Hà Nội', 'dai hoc khoa hoc tu nhien dai hoc quoc gia ha noi', 'truong dh khoa hoc tu nhien dai hoc quoc gia ha noi', 'truong dai hoc khoa hoc tu nhien dai hoc quoc gia ha noi', 'daj hoc khoa hoc tu nhien dai hoc quoc gia ha noi', 'dh khoa hoc tu nhien dai hoc quoc gia ha noi']",6
Đại Học Khoa Học Xã Hội và Nhân Văn – Đại Học Quốc Gia Hà Nội,"['Đại Học Khoa Học Xã Hội và Nhân Văn – Đại Học Quốc Gia Hà Nội', 'dai hoc khoa hoc xa hoi va nhan van dai hoc quoc gia ha noi', 'truong dai hoc khoa hoc xa hoi va nhan van dai hoc quoc gia ha noi', 'dh khoa hoc xa hoi va nhan van dai hoc quoc gia ha noi', 'truong dh khoa hoc xa hoi va nhan van dai hoc quoc gia ha noi', 'daj hoc khoa hoc xa hoi va nhan van dai hoc quoc gia ha noi']",6
Khoa Y Dược - Đại học Quốc Gia Hà Nội,"['Khoa Y Dược - Đại học Quốc Gia Hà Nội', 'khoa y duoc dai hoc quoc gia ha noi', 'khoa y duoc dh quoc gia ha noi', 'khoa y duoc truong dai hoc quoc gia ha noi', 'khoa y duoc daj hoc quoc gia ha noi', 'khoa y duoc truong dh quoc gia ha noi']",6
Đại học Sao Đỏ,"['Đại học Sao Đỏ', 'dai hoc sao do', 'daj hoc sao do', 'truong dai hoc sao do', 'truong dh sao do', 'dh sao do']",6
Đại Học Sư Phạm Kỹ Thuật Hưng Yên,"['Đại Học Sư Phạm Kỹ Thuật Hưng Yên', 'dai hoc su pham ky thuat hung yen', 'daj hoc su pham ky thuat hung yen', 'dhsp ky thuat hung yen', 'truong dai hoc su pham ky thuat hung yen', 'truong dh su pham ky thuat hung yen', 'dh su pham ky thuat hung yen']",7
Đại Học Sư Phạm Hà Nội 2,"['Đại Học Sư Phạm Hà Nội 2', 'dai hoc su pham ha noi 2', 'dh su pham ha noi 2', 'truong dai hoc su pham ha noi 2', 'dhsp ha noi 2', 'daj hoc su pham ha noi 2', 'truong dh su pham ha noi 2']",7
Khoa Công Nghệ – Đại Học Đà Nẵng,"['Khoa Công Nghệ – Đại Học Đà Nẵng', 'khoa cong nghe dai hoc da nang', 'khoa cong nghe truong dh da nang', 'khoa cong nghe daj hoc da nang', 'khoa cong nghe dh da nang', 'khoa cong nghe truong dai hoc da nang']",6
Đại Học Kinh Tế – Đại Học Đà Nẵng,"['Đại Học Kinh Tế – Đại Học Đà Nẵng', 'dai hoc kinh te dai hoc da nang', 'daj hoc kinh te dai hoc da nang', 'dh kinh te dai hoc da nang', 'truong dh kinh te dai hoc da nang', 'truong dai hoc kinh te dai hoc da nang']",6
Học Viện An Ninh Nhân Dân,"['Học Viện An Ninh Nhân Dân', 'hoc vien an ninh nhan dan']",2
Đại Học An Ninh Nhân Dân,"['Đại Học An Ninh Nhân Dân', 'dai hoc an ninh nhan dan', 'truong dai hoc an ninh nhan dan', 'truong dh an ninh nhan dan', 'daj hoc an ninh nhan dan', 'dh an ninh nhan dan']",6
Học Viện Biên Phòng,"['Học Viện Biên Phòng', 'hoc vien bien phong']",2
Học Viện Cảnh Sát Nhân Dân,"['Học Viện Cảnh Sát Nhân Dân', 'hoc vien canh sat nhan dan']",2
Đại Học Cảnh Sát Nhân Dân,"['Đại Học Cảnh Sát Nhân Dân', 'dai hoc canh sat nhan dan', 'daj hoc canh sat nhan dan', 'truong dai hoc canh sat nhan dan', 'truong dh canh sat nhan dan', 'dh canh sat nhan dan']",6
Trường Sĩ Quan Đặc Công,"['Trường Sĩ Quan Đặc Công', 'truong si quan dac cong']",2
Phân hiệu Đại học Nông Lâm TP. HCM tại Gia Lai,"['Phân hiệu Đại học Nông Lâm TP. HCM tại Gia Lai', 'phan hieu dai hoc nong lam tp hcm tai gia lai', 'phan hieu dai hoc nong lam tphcm tai gia lai', 'phan hieu dai hoc nong lam tp ho chi minh tai gia lai', 'phan hieu daj hoc nong lam tp hcm tai gia lai', 'phan hieu dai hoc nong lam tp. ho chi minh tai gia lai', 'phan hieu dh nong lam tp hcm tai gia lai', 'phan hieu truong dai hoc nong lam tp hcm tai gia lai', 'phan hieu dai hoc nong lam tp.hcm tai gia lai', 'phan hieu truong dh nong lam tp hcm tai gia lai']",10
Phân hiệu Đại học Nông Lâm TP. HCM tại Ninh Thuận,"['Phân hiệu Đại học Nông Lâm TP. HCM tại Ninh Thuận', 'phan hieu dai hoc nong lam tp hcm tai ninh thuan', 'phan hieu dai hoc nong lam tphcm tai ninh thuan', 'phan hieu daj hoc nong lam tp hcm tai ninh thuan', 'phan hieu truong dai hoc nong lam tp hcm tai ninh thuan', 'phan hieu dai hoc nong lam tp ho chi minh tai ninh thuan', 'phan hieu dh nong lam tp hcm tai ninh thuan', 'phan hieu dai hoc nong lam tp.hcm tai ninh thuan', 'phan hieu truong dh nong lam tp hcm tai ninh thuan', 'phan hieu dai hoc nong lam tp. ho chi minh tai ninh thuan']",10
Đại Học Nông Lâm TPHCM,"['Đại Học Nông Lâm TPHCM', 'dai hoc nong lam tphcm', 'truong dai hoc nong lam tphcm', 'truong dh nong lam tphcm', 'daj hoc nong lam tphcm', 'dh nong lam tphcm']",6
Đại Học Công Nghiệp TPHCM,"['Đại Học Công Nghiệp TPHCM', 'dai hoc cong nghiep tphcm', 'truong dai hoc cong nghiep tphcm', 'dh cong nghiep tphcm', 'truong dh cong nghiep tphcm', 'daj hoc cong nghiep tphcm']",6
Học Viện Hải Quân,"['Học Viện Hải Quân', 'hoc vien hai quan']",2
Trường Sĩ Quan Chính Trị - Đại Học Chính Trị,"['Trường Sĩ Quan Chính Trị - Đại Học Chính Trị', 'truong si quan chinh tri dai hoc chinh tri', 'truong si quan chinh tri dh chinh tri', 'truong si quan chinh tri truong dh chinh tri', 'truong si quan chinh tri truong dai hoc chinh tri', 'truong si quan chinh tri daj hoc chinh tri']",6
Đại Học Mỹ Thuật Việt Nam,"['Đại Học Mỹ Thuật Việt Nam', 'dai hoc my thuat viet nam', 'daj hoc my thuat viet nam', 'truong dh my thuat viet nam', 'dh my thuat viet nam', 'truong dai hoc my thuat viet nam']",6
Học Viện Ngân Hàng,"['Học Viện Ngân Hàng', 'hoc vien ngan hang', 'hvnh']",3
Trường Sĩ Quan Pháo Binh,"['Trường Sĩ Quan Pháo Binh', 'truong si quan phao binh']",2
Đại Học Thương Mại,"['Đại Học Thương Mại', 'dai hoc thuong mai', 'dh thuong mai', 'truong dai hoc thuong mai', 'truong dh thuong mai', 'daj hoc thuong mai']",6
Trường Sĩ Quan Kĩ Thuật Quân Sự - Hệ Quân sự,"['Trường Sĩ Quan Kĩ Thuật Quân Sự - Hệ Quân sự', 'truong si quan ki thuat quan su he quan su']",2
Học Viện Quân Y - Hệ Quân sự,"['Học Viện Quân Y - Hệ Quân sự', 'hoc vien quan y he quan su']",2
Đại học Sư phạm Kỹ thuật Vinh,"['Đại học Sư phạm Kỹ thuật Vinh', 'dai hoc su pham ky thuat vinh', 'truong dai hoc su pham ky thuat vinh', 'dhsp ky thuat vinh', 'truong dh su pham ky thuat vinh', 'daj hoc su pham ky thuat vinh', 'dh su pham ky thuat vinh']",7
Đại Học Bách Khoa Hà Nội,"['Đại Học Bách Khoa Hà Nội', 'dai hoc bach khoa ha noi', 'dhbkhn', 'dh bach khoa ha noi', 'dai hoc bk ha noi', 'truong dai hoc bach khoa ha noi', 'truong dh bach khoa ha noi', 'daj hoc bach khoa ha noi']",8
Đại Học Y Tế Công Cộng,"['Đại Học Y Tế Công Cộng', 'dai hoc y te cong cong', 'dh y te cong cong', 'truong dai hoc y te cong cong', 'daj hoc y te cong cong', 'truong dh y te cong cong']",6
Học viện cán bộ TPHCM,"['Học viện cán bộ TPHCM', 'hoc vien can bo tphcm']",2
Đại Học Sư Phạm Kỹ Thuật Nam Định,"['Đại Học Sư Phạm Kỹ Thuật Nam Định', 'dai hoc su pham ky thuat nam dinh', 'dhsp ky thuat nam dinh', 'dh su pham ky thuat nam dinh', 'truong dai hoc su pham ky thuat nam dinh', 'truong dh su pham ky thuat nam dinh', 'daj hoc su pham ky thuat nam dinh']",7
Đại học Kiên Giang,"['Đại học Kiên Giang', 'dai hoc kien giang', 'daj hoc kien giang', 'truong dai hoc kien giang', 'truong dh kien giang', 'dh kien giang']",6
Đại học RMIT Việt Nam,"['Đại học RMIT Việt Nam', 'dai hoc rmit viet nam', 'daj hoc rmit viet nam', 'truong dai hoc rmit viet nam', 'truong dh rmit viet nam', 'dh rmit viet nam']",6
Đại Học Tây Nguyên,"['Đại Học Tây Nguyên', 'dai hoc tay nguyen', 'daj hoc tay nguyen', 'truong dh tay nguyen', 'dh tay nguyen', 'truong dai hoc tay nguyen']",6
Cao Đẳng Công Nghệ Thông Tin – Đại Học Đà Nẵng,"['Cao Đẳng Công Nghệ Thông Tin – Đại Học Đà Nẵng', 'cao dang cong nghe thong tin dai hoc da nang', 'cd cong nghe thong tin dai hoc da nang', 'cao dang cong nghe thong tin daj hoc da nang', 'cao dang cong nghe thong tin truong dai hoc da nang', 'cao dang cong nghe thong tin dh da nang', 'cao dang cong nghe thong tin truong dh da nang', 'truong cao dang cong nghe thong tin dai hoc da nang']",8
Học Viện Kĩ Thuật Quân Sự - Hệ Dân sự,"['Học Viện Kĩ Thuật Quân Sự - Hệ Dân sự', 'hoc vien ki thuat quan su he dan su']",2
Đại Học Việt Đức,"['Đại Học Việt Đức', 'dai hoc viet duc', 'truong dh viet duc', 'truong dai hoc viet duc', 'daj hoc viet duc', 'dh viet duc']",6
Đại Học Thủy Lợi ( Cơ sở 2 ),"['Đại Học Thủy Lợi ( Cơ sở 2 )', 'dai hoc thuy loi co so 2', 'dh thuy loi co so 2', 'truong dh thuy loi co so 2', 'daj hoc thuy loi co so 2', 'truong dai hoc thuy loi co so 2']",6
Đại Học Kỹ Thuật Công Nghiệp – Đại Học Thái Nguyên,"['Đại Học Kỹ Thuật Công Nghiệp – Đại Học Thái Nguyên', 'dai hoc ky thuat cong nghiep dai hoc thai nguyen', 'truong dai hoc ky thuat cong nghiep dai hoc thai nguyen', 'dh ky thuat cong nghiep dai hoc thai nguyen', 'truong dh ky thuat cong nghiep dai hoc thai nguyen', 'daj hoc ky thuat cong nghiep dai hoc thai nguyen']",6
Đại Học Lâm Nghiệp ( Cơ sở 1 ),"['Đại Học Lâm Nghiệp ( Cơ sở 1 )', 'dai hoc lam nghiep co so 1', 'dh lam nghiep co so 1', 'truong dh lam nghiep co so 1', 'truong dai hoc lam nghiep co so 1', 'daj hoc lam nghiep co so 1']",6
Đại Học Lâm Nghiệp ( Cơ sở 2 ),"['Đại Học Lâm Nghiệp ( Cơ sở 2 )', 'dai hoc lam nghiep co so 2', 'truong dh lam nghiep co so 2', 'truong dai hoc lam nghiep co so 2', 'dh lam nghiep co so 2', 'daj hoc lam nghiep co so 2']",6
Đại Học Y Khoa Phạm Ngọc Thạch,"['Đại Học Y Khoa Phạm Ngọc Thạch', 'dai hoc y khoa pham ngoc thach', 'daj hoc y khoa pham ngoc thach', 'truong dai hoc y khoa pham ngoc thach', 'truong dh y khoa pham ngoc thach', 'dh y khoa pham ngoc thach']",6
Đại Học Mỹ Thuật TPHCM,"['Đại Học Mỹ Thuật TPHCM', 'dai hoc my thuat tphcm', 'dh my thuat tphcm', 'daj hoc my thuat tphcm', 'truong dh my thuat tphcm', 'truong dai hoc my thuat tphcm']",6
Đại Học Bình Dương,"['Đại Học Bình Dương', 'dai hoc binh duong', 'dh binh duong', 'truong dh binh duong', 'daj hoc binh duong', 'truong dai hoc binh duong']",6
Học Viện Hành Chính Quốc Gia ( phía Bắc ),"['Học Viện Hành Chính Quốc Gia ( phía Bắc )', 'hoc vien hanh chinh quoc gia phia bac']",2
Học Viện Hành Chính Quốc Gia (phía Nam),"['Học Viện Hành Chính Quốc Gia (phía Nam)', 'hoc vien hanh chinh quoc gia phia nam']",2
Đại Học Kỹ Thuật - Hậu Cần Công An Nhân Dân ( Phía Bắc ),"['Đại Học Kỹ Thuật - Hậu Cần Công An Nhân Dân ( Phía Bắc )', 'dai hoc ky thuat hau can cong an nhan dan phia bac', 'daj hoc ky thuat hau can cong an nhan dan phia bac', 'truong dai hoc ky thuat hau can cong an nhan dan phia bac', 'dh ky thuat hau can cong an nhan dan phia bac', 'truong dh ky thuat hau can cong an nhan dan phia bac']",6
Đại Học Kỹ Thuật - Hậu Cần Công An Nhân Dân ( Phía Nam ),"['Đại Học Kỹ Thuật - Hậu Cần Công An Nhân Dân ( Phía Nam )', 'dai hoc ky thuat hau can cong an nhan dan phia nam', 'daj hoc ky thuat hau can cong an nhan dan phia nam', 'truong dai hoc ky thuat hau can cong an nhan dan phia nam', 'truong dh ky thuat hau can cong an nhan dan phia nam', 'dh ky thuat hau can cong an nhan dan phia nam']",6
Học Viện Chính Trị Công An Nhân Dân,"['Học Viện Chính Trị Công An Nhân Dân', 'hoc vien chinh tri cong an nhan dan']",2
Đại Học Mỹ Thuật Công Nghiệp,"['Đại Học Mỹ Thuật Công Nghiệp', 'dai hoc my thuat cong nghiep', 'dh my thuat cong nghiep', 'daj hoc my thuat cong nghiep', 'truong dh my thuat cong nghiep', 'truong dai hoc my thuat cong nghiep']",6
Đại Học Văn Hóa – Nghệ Thuật Quân Đội,"['Đại Học Văn Hóa – Nghệ Thuật Quân Đội', 'dai hoc van hoa nghe thuat quan doi', 'daj hoc van hoa nghe thuat quan doi', 'truong dai hoc van hoa nghe thuat quan doi', 'truong dh van hoa nghe thuat quan doi', 'dh van hoa nghe thuat quan doi']",6
Đại Học Văn Hóa TPHCM,"['Đại Học Văn Hóa TPHCM', 'dai hoc van hoa tphcm', 'truong dai hoc van hoa tphcm', 'dh van hoa tphcm', 'truong dh van hoa tphcm', 'daj hoc van hoa tphcm']",6
Đại Học Sân Khấu Điện Ảnh,"['Đại Học Sân Khấu Điện Ảnh', 'dai hoc san khau dien anh', 'dh san khau dien anh', 'truong dh san khau dien anh', 'truong dai hoc san khau dien anh', 'daj hoc san khau dien anh']",6
Nhạc Viện TPHCM,"['Nhạc Viện TPHCM', 'nhac vien tphcm']",2
Đại Học Sư Phạm Thể Dục Thể Thao TPHCM,"['Đại Học Sư Phạm Thể Dục Thể Thao TPHCM', 'dai hoc su pham the duc the thao tphcm', 'truong dai hoc su pham the duc the thao tphcm', 'daj hoc su pham the duc the thao tphcm', 'dh su pham the duc the thao tphcm', 'dhsp the duc the thao tphcm', 'truong dh su pham the duc the thao tphcm']",7
Đại Học Quốc Tế Sài Gòn,"['Đại Học Quốc Tế Sài Gòn', 'dai hoc quoc te sai gon', 'truong dh quoc te sai gon', 'truong dai hoc quoc te sai gon', 'dh quoc te sai gon', 'daj hoc quoc te sai gon']",6
Trường Sĩ Quan Kĩ Thuật Quân Sự - Hệ Dân sự,"['Trường Sĩ Quan Kĩ Thuật Quân Sự - Hệ Dân sự', 'truong si quan ki thuat quan su he dan su']",2
Học Viện Khoa Học Quân Sự - Hệ Dân sự,"['Học Viện Khoa Học Quân Sự - Hệ Dân sự', 'hoc vien khoa hoc quan su he dan su']",2
Học Viện Quân Y - Hệ Dân sự,"['Học Viện Quân Y - Hệ Dân sự', 'hoc vien quan y he dan su']",2
Học Viện Hậu Cần - Hệ Dân sự,"['Học Viện Hậu Cần - Hệ Dân sự', 'hoc vien hau can he dan su']",2
Học Viện Ngân Hàng Phân Viện Bắc Ninh,"['Học Viện Ngân Hàng Phân Viện Bắc Ninh', 'hoc vien ngan hang phan vien bac ninh', 'hvnh phan vien bac ninh']",3
Học Viên Ngân Hàng ( Phân Viện Phú Yên ),"['Học Viên Ngân Hàng ( Phân Viện Phú Yên )', 'hoc vien ngan hang phan vien phu yen', 'hvnh phan vien phu yen']",3
Học Viện Quản Lý Giáo Dục,"['Học Viện Quản Lý Giáo Dục', 'hoc vien quan ly giao duc']",2
Đại Học Kiến Trúc Đà Nẵng,"['Đại Học Kiến Trúc Đà Nẵng', 'dai hoc kien truc da nang', 'truong dh kien truc da nang', 'truong dai hoc kien truc da nang', 'dh kien truc da nang', 'daj hoc kien truc da nang']",6
Đại Học Y Hải Phòng,"['Đại Học Y Hải Phòng', 'dai hoc y hai phong', 'truong dai hoc y hai phong', 'dh y hai phong', 'daj hoc y hai phong', 'truong dh y hai phong']",6
Đại Học Thể DụcThể Thao Đà Nẵng,"['Đại Học Thể DụcThể Thao Đà Nẵng', 'dai hoc the ducthe thao da nang', 'daj hoc the ducthe thao da nang', 'truong dh the ducthe thao da nang', 'dh the ducthe thao da nang', 'truong dai hoc the ducthe thao da nang']",6
Đại Học Y Dược Cần Thơ,"['Đại Học Y Dược Cần Thơ', 'dai hoc y duoc can tho', 'truong dai hoc y duoc can tho', 'dh y duoc can tho', 'daj hoc y duoc can tho', 'truong dh y duoc can tho']",6
Trường Sĩ quan Chính trị (hệ dân sự),"['Trường Sĩ quan Chính trị (hệ dân sự)', 'truong si quan chinh tri he dan su']",2
Đại Học Thể Dục Thể Thao TPHCM,"['Đại Học Thể Dục Thể Thao TPHCM', 'dai hoc the duc the thao tphcm', 'dh the duc the thao tphcm', 'daj hoc the duc the thao tphcm', 'truong dh the duc the thao tphcm', 'truong dai hoc the duc the thao tphcm']",6
Trường Sĩ Quan Tăng – Thiết Giáp,"['Trường Sĩ Quan Tăng – Thiết Giáp', 'truong si quan tang thiet giap']",2
Trường Sĩ quan Thông tin - Hệ Dân sự - Đại học Thông tin liên lạc,"['Trường Sĩ quan Thông tin - Hệ Dân sự - Đại học Thông tin liên lạc', 'truong si quan thong tin he dan su dai hoc thong tin lien lac', 'truong si quan thong tin he dan su dh thong tin lien lac', 'truong si quan thong tin he dan su truong dai hoc thong tin lien lac', 'truong si quan thong tin he dan su truong dh thong tin lien lac', 'truong si quan thong tin he dan su daj hoc thong tin lien lac']",6
Đại Học Công Nghiệp Việt Hung,"['Đại Học Công Nghiệp Việt Hung', 'dai hoc cong nghiep viet hung', 'truong dh cong nghiep viet hung', 'truong dai hoc cong nghiep viet hung', 'daj hoc cong nghiep viet hung', 'dh cong nghiep viet hung']",6
Đại học Kỹ thuật Y Dược Đà Nẵng,"['Đại học Kỹ thuật Y Dược Đà Nẵng', 'dai hoc ky thuat y duoc da nang', 'dh ky thuat y duoc da nang', 'truong dai hoc ky thuat y duoc da nang', 'truong dh ky thuat y duoc da nang', 'daj hoc ky thuat y duoc da nang']",6
Đại Học Y Khoa Vinh,"['Đại Học Y Khoa Vinh', 'dai hoc y khoa vinh', 'truong dai hoc y khoa vinh', 'daj hoc y khoa vinh', 'truong dh y khoa vinh', 'dh y khoa vinh']",6
Đại Học Y Dược Thái Bình,"['Đại Học Y Dược Thái Bình', 'dai hoc y duoc thai binh', 'daj hoc y duoc thai binh', 'truong dh y duoc thai binh', 'truong dai hoc y duoc thai binh', 'dh y duoc thai binh']",6
Trường Sĩ Quan Công Binh – Hệ Dân sự,"['Trường Sĩ Quan Công Binh – Hệ Dân sự', 'truong si quan cong binh he dan su']",2
Đại Học Xây Dựng Miền Tây,"['Đại Học Xây Dựng Miền Tây', 'dai hoc xay dung mien tay', 'daj hoc xay dung mien tay', 'truong dh xay dung mien tay', 'truong dai hoc xay dung mien tay', 'dh xay dung mien tay']",6
Phân hiệu Trường Đại học Xây dựng Miền Trung tại Đà Nẵng,"['Phân hiệu Trường Đại học Xây dựng Miền Trung tại Đà Nẵng', 'phan hieu truong dai hoc xay dung mien trung tai da nang', 'phan hieu truong daj hoc xay dung mien trung tai da nang', 'phan hieu truong dh xay dung mien trung tai da nang', 'phan hieu dh xay dung mien trung tai da nang', 'phan hieu truong truong dh xay dung mien trung tai da nang', 'phan hieu daj hoc xay dung mien trung tai da nang', 'phan hieu dai hoc xay dung mien trung tai da nang', 'phan hieu truong truong dai hoc xay dung mien trung tai da nang']",9
Đại Học Tây Bắc,"['Đại Học Tây Bắc', 'dai hoc tay bac', 'truong dh tay bac', 'truong dai hoc tay bac', 'daj hoc tay bac', 'dh tay bac']",6
Đại học Khánh Hòa,"['Đại học Khánh Hòa', 'dai hoc khanh hoa', 'truong dh khanh hoa', 'dh khanh hoa', 'truong dai hoc khanh hoa', 'daj hoc khanh hoa']",6
Đại Học Hải Dương,"['Đại Học Hải Dương', 'dai hoc hai duong', 'dh hai duong', 'truong dh hai duong', 'daj hoc hai duong', 'truong dai hoc hai duong']",6
Đại Học Thái Bình,"['Đại Học Thái Bình', 'dai hoc thai binh', 'dh thai binh', 'daj hoc thai binh', 'truong dai hoc thai binh', 'truong dh thai binh']",6
Đại Học Chu Văn An,"['Đại Học Chu Văn An', 'dai hoc chu van an', 'truong dh chu van an', 'dh chu van an', 'daj hoc chu van an', 'truong dai hoc chu van an']",6
Đại Học Dân Lập Đông Đô,"['Đại Học Dân Lập Đông Đô', 'dai hoc dan lap dong do', 'dai hoc dl dong do', 'truong dh dan lap dong do', 'truong dai hoc dan lap dong do', 'dh dan lap dong do', 'daj hoc dan lap dong do']",7
Đại học Nguyễn Huệ,"['Đại học Nguyễn Huệ', 'dai hoc nguyen hue', 'dh nguyen hue', 'truong dai hoc nguyen hue', 'daj hoc nguyen hue', 'truong dh nguyen hue']",6
Đại Học Mỹ Thuật Công Nghiệp Á Châu,"['Đại Học Mỹ Thuật Công Nghiệp Á Châu', 'dai hoc my thuat cong nghiep a chau', 'truong dai hoc my thuat cong nghiep a chau', 'dh my thuat cong nghiep a chau', 'daj hoc my thuat cong nghiep a chau', 'truong dh my thuat cong nghiep a chau']",6
Trường Sĩ Quan Công Binh – Hệ Quân sự,"['Trường Sĩ Quan Công Binh – Hệ Quân sự', 'truong si quan cong binh he quan su']",2
Đại Học Thái Bình Dương,"['Đại Học Thái Bình Dương', 'dai hoc thai binh duong', 'dh thai binh duong', 'daj hoc thai binh duong', 'truong dai hoc thai binh duong', 'truong dh thai binh duong']",6
Đại Học Thể Dục Thể Thao Bắc Ninh,"['Đại Học Thể Dục Thể Thao Bắc Ninh', 'dai hoc the duc the thao bac ninh', 'truong dai hoc the duc the thao bac ninh', 'dh the duc the thao bac ninh', 'truong dh the duc the thao bac ninh', 'daj hoc the duc the thao bac ninh']",6
Đại học Thành Đô,"['Đại học Thành Đô', 'dai hoc thanh do', 'truong dh thanh do', 'dh thanh do', 'daj hoc thanh do', 'truong dai hoc thanh do']",6
Đại Học Hùng Vương,"['Đại Học Hùng Vương', 'dai hoc hung vuong', 'truong dh hung vuong', 'dh hung vuong', 'truong dai hoc hung vuong', 'daj hoc hung vuong']",6
Đại học Tân Trào,"['Đại học Tân Trào', 'dai hoc tan trao', 'daj hoc tan trao', 'dh tan trao', 'truong dai hoc tan trao', 'truong dh tan trao']",6
Đại Học Tiền Giang,"['Đại Học Tiền Giang', 'dai hoc tien giang', 'dh tien giang', 'truong dh tien giang', 'daj hoc tien giang', 'truong dai hoc tien giang']",6
Đại Học Kinh Bắc,"['Đại Học Kinh Bắc', 'dai hoc kinh bac', 'truong dh kinh bac', 'truong dai hoc kinh bac', 'daj hoc kinh bac', 'dh kinh bac']",6
Đại Học Sư Phạm Kỹ Thuật Vĩnh Long,"['Đại Học Sư Phạm Kỹ Thuật Vĩnh Long', 'dai hoc su pham ky thuat vinh long', 'truong dai hoc su pham ky thuat vinh long', 'dhsp ky thuat vinh long', 'daj hoc su pham ky thuat vinh long', 'truong dh su pham ky thuat vinh long', 'dh su pham ky thuat vinh long']",7
Đại Học Võ Trường Toản,"['Đại Học Võ Trường Toản', 'dai hoc vo truong toan', 'dh vo truong toan', 'truong dh vo truong toan', 'truong dai hoc vo truong toan', 'daj hoc vo truong toan']",6
Đại Học Công Nghiệp Việt Trì,"['Đại Học Công Nghiệp Việt Trì', 'dai hoc cong nghiep viet tri', 'dh cong nghiep viet tri', 'truong dh cong nghiep viet tri', 'daj hoc cong nghiep viet tri', 'truong dai hoc cong nghiep viet tri']",6
Đại Học Điều Dưỡng Nam Định,"['Đại Học Điều Dưỡng Nam Định', 'dai hoc dieu duong nam dinh', 'truong dh dieu duong nam dinh', 'dh dieu duong nam dinh', 'daj hoc dieu duong nam dinh', 'truong dai hoc dieu duong nam dinh']",6
Đại học FPT,"['Đại học FPT', 'dai hoc fpt', 'truong dh fpt', 'dh fpt', 'daj hoc fpt', 'truong dai hoc fpt']",6
Đại học Quốc tế Bắc Hà,"['Đại học Quốc tế Bắc Hà', 'dai hoc quoc te bac ha', 'truong dh quoc te bac ha', 'daj hoc quoc te bac ha', 'truong dai hoc quoc te bac ha', 'dh quoc te bac ha']",6
Đại Học Việt Bắc,"['Đại Học Việt Bắc', 'dai hoc viet bac', 'daj hoc viet bac', 'dh viet bac', 'truong dai hoc viet bac', 'truong dh viet bac']",6
Đại học Dân lập Lương Thế Vinh,"['Đại học Dân lập Lương Thế Vinh', 'dai hoc dan lap luong the vinh', 'dh dan lap luong the vinh', 'dai hoc dl luong the vinh', 'truong dh dan lap luong the vinh', 'daj hoc dan lap luong the vinh', 'truong dai hoc dan lap luong the vinh']",7
Đại học Hòa Bình,"['Đại học Hòa Bình', 'dai hoc hoa binh', 'truong dai hoc hoa binh', 'dh hoa binh', 'daj hoc hoa binh', 'truong dh hoa binh']",6
Đại Học Sư Phạm Thể Dục Thể Thao Hà Nội,"['Đại Học Sư Phạm Thể Dục Thể Thao Hà Nội', 'dai hoc su pham the duc the thao ha noi', 'truong dh su pham the duc the thao ha noi', 'dhsp the duc the thao ha noi', 'daj hoc su pham the duc the thao ha noi', 'truong dai hoc su pham the duc the thao ha noi', 'dh su pham the duc the thao ha noi']",7
Trường Fast Tarck SE,"['Trường Fast Tarck SE', 'truong fast tarck se']",2
Cao đẳng Công nghiệp Tuy Hòa,"['Cao đẳng Công nghiệp Tuy Hòa', 'cao dang cong nghiep tuy hoa', 'cd cong nghiep tuy hoa', 'truong cao dang cong nghiep tuy hoa']",4
Cao đẳng Kinh tế - Kế hoạch Đà Nẵng,"['Cao đẳng Kinh tế - Kế hoạch Đà Nẵng', 'cao dang kinh te ke hoach da nang', 'truong cao dang kinh te ke hoach da nang', 'cd kinh te ke hoach da nang']",4
Đại học Khoa học Tự nhiên - Đại học Quốc Gia TP.HCM,"['Đại học Khoa học Tự nhiên - Đại học Quốc Gia TP.HCM', 'dai hoc khoa hoc tu nhien dai hoc quoc gia tp hcm', 'daj hoc khoa hoc tu nhien dai hoc quoc gia tp hcm', 'dai hoc khoa hoc tu nhien dai hoc quoc gia tphcm', 'dh khoa hoc tu nhien dai hoc quoc gia tp hcm', 'dai hoc khoa hoc tu nhien dai hoc quoc gia tp ho chi minh', 'truong dai hoc khoa hoc tu nhien dai hoc quoc gia tp hcm', 'dai hoc khoa hoc tu nhien dai hoc quoc gia tp.hcm', 'dai hoc khoa hoc tu nhien dai hoc quoc gia tp. ho chi minh', 'truong dh khoa hoc tu nhien dai hoc quoc gia tp hcm']",10
tiếng Nhật Dynamic Business College (D.B.C),"['tiếng Nhật Dynamic Business College (D.B.C)', 'tieng nhat dynamic business college d b c']",2
Đại học Trà Vinh,"['Đại học Trà Vinh', 'dai hoc tra vinh', 'truong dh tra vinh', 'dh tra vinh', 'daj hoc tra vinh', 'truong dai hoc tra vinh']",6
Cao đẳng Kinh tế - Kỹ thuật Vĩnh Phúc,"['Cao đẳng Kinh tế - Kỹ thuật Vĩnh Phúc', 'cao dang kinh te ky thuat vinh phuc', 'truong cao dang kinh te ky thuat vinh phuc', 'cd kinh te ky thuat vinh phuc']",4
Quốc gia Lào,"['Quốc gia Lào', 'quoc gia lao']",2
Đại học Tây Bắc,"['Đại học Tây Bắc', 'dai hoc tay bac', 'truong dai hoc tay bac', 'daj hoc tay bac', 'dh tay bac', 'truong dh tay bac']",6
Cao đẳng Cộng đồng Hà Nội,"['Cao đẳng Cộng đồng Hà Nội', 'cao dang cong dong ha noi', 'cd cong dong ha noi', 'truong cao dang cong dong ha noi']",4
Cao đẳng Công nghệ Hà Nội,"['Cao đẳng Công nghệ Hà Nội', 'cao dang cong nghe ha noi', 'truong cao dang cong nghe ha noi', 'cd cong nghe ha noi']",4
Cao Đẳng Kinh tế Công nghiệp Hà Nội,"['Cao Đẳng Kinh tế Công nghiệp Hà Nội', 'cao dang kinh te cong nghiep ha noi', 'truong cao dang kinh te cong nghiep ha noi', 'cd kinh te cong nghiep ha noi']",4
Trung Cấp Y Tế Vĩnh Phúc,"['Trung Cấp Y Tế Vĩnh Phúc', 'trung cap y te vinh phuc']",2
Cao đẳng Sư phạm Trung ương - Nha Trang,"['Cao đẳng Sư phạm Trung ương - Nha Trang', 'cao dang su pham trung uong nha trang', 'cd su pham trung uong nha trang', 'cdsp trung uong nha trang', 'truong cao dang su pham trung uong nha trang']",5
Đại Học Bách khoa TP.Hồ Chí Minh,"['Đại Học Bách khoa TP.Hồ Chí Minh', 'dai hoc bach khoa tp ho chi minh', 'dai hoc bach khoa tp.hcm', 'daj hoc bach khoa tp ho chi minh', 'dai hoc bach khoa tp. ho chi minh', 'dh bach khoa tp ho chi minh', 'dai hoc bk tp ho chi minh', 'dai hoc bach khoa tphcm', 'dai hoc bach khoa tp hcm', 'truong dh bach khoa tp ho chi minh', 'truong dai hoc bach khoa tp ho chi minh']",11
Cao đẳng Sơn La,"['Cao đẳng Sơn La', 'cao dang son la', 'cd son la', 'truong cao dang son la']",4
Cao đẳng Bến Tre,"['Cao đẳng Bến Tre', 'cao dang ben tre', 'truong cao dang ben tre', 'cd ben tre']",4
Trung cấp Quân Y 2,"['Trung cấp Quân Y 2', 'trung cap quan y 2']",2
Cao đẳng nghề số 8,"['Cao đẳng nghề số 8', 'cao dang nghe so 8', 'cd nghe so 8', 'truong cao dang nghe so 8']",4
Đại Học Thủy Lợi,"['Đại Học Thủy Lợi', 'dai hoc thuy loi', 'daj hoc thuy loi', 'truong dh thuy loi', 'truong dai hoc thuy loi', 'dh thuy loi']",6
cao đẳng công nghệ Bắc Hà,"['cao đẳng công nghệ Bắc Hà', 'cao dang cong nghe bac ha', 'truong cao dang cong nghe bac ha', 'cd cong nghe bac ha']",4
Đại học Quốc gia Hà Nội,"['Đại học Quốc gia Hà Nội', 'dai hoc quoc gia ha noi', 'truong dh quoc gia ha noi', 'dh quoc gia ha noi', 'truong dai hoc quoc gia ha noi', 'daj hoc quoc gia ha noi']",6
Trường Cao đẳng Truyền hình,"['Trường Cao đẳng Truyền hình', 'truong cao dang truyen hinh', 'cao dang truyen hinh', 'cd truyen hinh', 'truong truong cao dang truyen hinh', 'truong cd truyen hinh']",6
Cao Đẳng Văn Hóa Nghệ Thuật TPHCM,"['Cao Đẳng Văn Hóa Nghệ Thuật TPHCM', 'cao dang van hoa nghe thuat tphcm', 'truong cao dang van hoa nghe thuat tphcm', 'cd van hoa nghe thuat tphcm']",4
Đại học Công nghiệp Hà Nội,"['Đại học Công nghiệp Hà Nội', 'dai hoc cong nghiep ha noi', 'dh cong nghiep ha noi', 'daj hoc cong nghiep ha noi', 'truong dh cong nghiep ha noi', 'truong dai hoc cong nghiep ha noi']",6
CAO ĐẲNG Y TẾ ĐIỆN BIÊN,"['CAO ĐẲNG Y TẾ ĐIỆN BIÊN', 'cao dang y te dien bien', 'cd y te dien bien', 'truong cao dang y te dien bien']",4
Đại học Nha Trang,"['Đại học Nha Trang', 'dai hoc nha trang', 'truong dh nha trang', 'daj hoc nha trang', 'dh nha trang', 'truong dai hoc nha trang']",6
Cao Đẳng sư phạm Điện Biên,"['Cao Đẳng sư phạm Điện Biên', 'cao dang su pham dien bien', 'cd su pham dien bien', 'truong cao dang su pham dien bien', 'cdsp dien bien']",5
Cao Đẳng Kinh Tế - Kỹ Thuật Điện Biên,"['Cao Đẳng Kinh Tế - Kỹ Thuật Điện Biên', 'cao dang kinh te ky thuat dien bien', 'truong cao dang kinh te ky thuat dien bien', 'cd kinh te ky thuat dien bien']",4
Cao đẳng Sư phạm Trung ương,"['Cao đẳng Sư phạm Trung ương', 'cao dang su pham trung uong', 'cdsp trung uong', 'truong cao dang su pham trung uong', 'cd su pham trung uong']",5
Đại học Sư phạm Hà Nội 2,"['Đại học Sư phạm Hà Nội 2', 'dai hoc su pham ha noi 2', 'truong dh su pham ha noi 2', 'daj hoc su pham ha noi 2', 'truong dai hoc su pham ha noi 2', 'dhsp ha noi 2', 'dh su pham ha noi 2']",7
Đại học Sư phạm Hà Nội - Cơ sở Hà Nam,"['Đại học Sư phạm Hà Nội - Cơ sở Hà Nam', 'dai hoc su pham ha noi co so ha nam', 'dh su pham ha noi co so ha nam', 'truong dai hoc su pham ha noi co so ha nam', 'dhsp ha noi co so ha nam', 'daj hoc su pham ha noi co so ha nam', 'truong dh su pham ha noi co so ha nam']",7
Cao Đẳng Công Nghệ - Đà Nẵng,"['Cao Đẳng Công Nghệ - Đà Nẵng', 'cao dang cong nghe da nang', 'truong cao dang cong nghe da nang', 'cd cong nghe da nang']",4
Cao Đẳng Y Tế Điện Biên,"['Cao Đẳng Y Tế Điện Biên', 'cao dang y te dien bien', 'truong cao dang y te dien bien', 'cd y te dien bien']",4
Cao đẳng Y tế Ninh Bình,"['Cao đẳng Y tế Ninh Bình', 'cao dang y te ninh binh', 'truong cao dang y te ninh binh', 'cd y te ninh binh']",4
Đại học Sư phạm Kỹ thuật Nam Định,"['Đại học Sư phạm Kỹ thuật Nam Định', 'dai hoc su pham ky thuat nam dinh', 'truong dh su pham ky thuat nam dinh', 'truong dai hoc su pham ky thuat nam dinh', 'dhsp ky thuat nam dinh', 'dh su pham ky thuat nam dinh', 'daj hoc su pham ky thuat nam dinh']",7
Cao đẳng FPT Polytechnic,"['Cao đẳng FPT Polytechnic', 'cao dang fpt polytechnic', 'truong cao dang fpt polytechnic', 'cd fpt polytechnic']",4
Đại học Công nghệ Thông tin – Đại Học Quốc Gia Hà Nội,"['Đại học Công nghệ Thông tin – Đại Học Quốc Gia Hà Nội', 'dai hoc cong nghe thong tin dai hoc quoc gia ha noi', 'dh cong nghe thong tin dai hoc quoc gia ha noi', 'truong dh cong nghe thong tin dai hoc quoc gia ha noi', 'truong dai hoc cong nghe thong tin dai hoc quoc gia ha noi', 'daj hoc cong nghe thong tin dai hoc quoc gia ha noi']",6
Đại học Lao động - Xã hội,"['Đại học Lao động - Xã hội', 'dai hoc lao dong xa hoi', 'truong dai hoc lao dong xa hoi', 'truong dh lao dong xa hoi', 'daj hoc lao dong xa hoi', 'dh lao dong xa hoi']",6
Đại học Sư phạm Kỹ thuật Thành phố Hồ Chí Minh,"['Đại học Sư phạm Kỹ thuật Thành phố Hồ Chí Minh', 'dai hoc su pham ky thuat thanh pho ho chi minh', 'dh su pham ky thuat thanh pho ho chi minh', 'truong dai hoc su pham ky thuat thanh pho ho chi minh', 'daj hoc su pham ky thuat thanh pho ho chi minh', 'truong dh su pham ky thuat thanh pho ho chi minh', 'dhsp ky thuat thanh pho ho chi minh']",7
Đại học Quốc gia Thành phố Hồ Chí Minh,"['Đại học Quốc gia Thành phố Hồ Chí Minh', 'dai hoc quoc gia thanh pho ho chi minh', 'dh quoc gia thanh pho ho chi minh', 'daj hoc quoc gia thanh pho ho chi minh', 'truong dai hoc quoc gia thanh pho ho chi minh', 'truong dh quoc gia thanh pho ho chi minh']",6
Cao đẳng Sư phạm Hà Nội,"['Cao đẳng Sư phạm Hà Nội', 'cao dang su pham ha noi', 'cd su pham ha noi', 'cdsp ha noi', 'truong cao dang su pham ha noi']",5
Đại học Tổng hợp Hà Nội,"['Đại học Tổng hợp Hà Nội', 'dai hoc tong hop ha noi', 'truong dh tong hop ha noi', 'daj hoc tong hop ha noi', 'dh tong hop ha noi', 'truong dai hoc tong hop ha noi']",6
Đại học Nông Lâm Thái Nguyên,"['Đại học Nông Lâm Thái Nguyên', 'dai hoc nong lam thai nguyen', 'truong dai hoc nong lam thai nguyen', 'truong dh nong lam thai nguyen', 'dh nong lam thai nguyen', 'daj hoc nong lam thai nguyen']",6
Cao đẳng Kinh tế Kỹ thuật Tp.HCM,"['Cao đẳng Kinh tế Kỹ thuật Tp.HCM', 'cao dang kinh te ky thuat tp hcm', 'cao dang kinh te ky thuat tp ho chi minh', 'cao dang kinh te ky thuat tp.hcm', 'cd kinh te ky thuat tp hcm', 'truong cao dang kinh te ky thuat tp hcm', 'cao dang kinh te ky thuat tp. ho chi minh', 'cao dang kinh te ky thuat tphcm']",8
Cao đẳng Sư phạm Thừa Thiên Huế,"['Cao đẳng Sư phạm Thừa Thiên Huế', 'cao dang su pham thua thien hue', 'cd su pham thua thien hue', 'truong cao dang su pham thua thien hue', 'cdsp thua thien hue']",5
Đại Học Kinh Tế - Đại Học Huế,"['Đại Học Kinh Tế - Đại Học Huế', 'dai hoc kinh te dai hoc hue', 'truong dai hoc kinh te dai hoc hue', 'daj hoc kinh te dai hoc hue', 'truong dh kinh te dai hoc hue', 'dh kinh te dai hoc hue']",6
Đại học Y Dược Thành phố Hồ Chí Minh,"['Đại học Y Dược Thành phố Hồ Chí Minh', 'dai hoc y duoc thanh pho ho chi minh', 'dh y duoc thanh pho ho chi minh', 'truong dai hoc y duoc thanh pho ho chi minh', 'daj hoc y duoc thanh pho ho chi minh', 'truong dh y duoc thanh pho ho chi minh']",6
Cao Đẳng Văn Hóa Nghệ Thuật Du Lịch Nha Trang,"['Cao Đẳng Văn Hóa Nghệ Thuật Du Lịch Nha Trang', 'cao dang van hoa nghe thuat du lich nha trang', 'cd van hoa nghe thuat du lich nha trang', 'truong cao dang van hoa nghe thuat du lich nha trang']",4
Học viện Quân y,"['Học viện Quân y', 'hoc vien quan y']",2
Trung Cấp Kinh Tế Kỹ Thuật Quang Trung,"['Trung Cấp Kinh Tế Kỹ Thuật Quang Trung', 'trung cap kinh te ky thuat quang trung']",2
